,flcmax_20_15_3,flcmax_20_15_6,flcmax_20_15_4,flcmax_20_15_10,flcmax_20_15_5,flcmax_20_20_1,flcmax_20_20_3,flcmax_20_20_9,flcmax_20_20_2,flcmax_20_20_10,flcmax_30_15_3,flcmax_30_15_4,flcmax_30_15_9,flcmax_30_15_8,flcmax_30_15_6,flcmax_30_20_3,flcmax_30_20_1,flcmax_30_20_6,flcmax_30_20_10,flcmax_30_20_2,flcmax_40_15_5,flcmax_40_15_9,flcmax_40_15_2,flcmax_40_15_10,flcmax_40_15_8,flcmax_40_20_3,flcmax_40_20_9,flcmax_40_20_6,flcmax_40_20_7,flcmax_40_20_5,flcmax_50_15_6,flcmax_50_15_5,flcmax_50_15_1,flcmax_50_15_8,flcmax_50_15_2,flcmax_50_20_2,flcmax_50_20_1,flcmax_50_20_7,flcmax_50_20_8,flcmax_50_20_4
Upper bound,3944,3819,3553,4104,3979,4559,4479,4552,4535,4418,4700,4785,4662,4963,4915,5494,5821,5831,5609,5514,6224,5939,6087,6077,6238,6808,6901,7084,7006,6713,7106,6910,6894,7163,7251,8070,7706,7985,7799,8121
CPU time,44.4166,46.4807,51.3227,42.4744,37.8889,58.5966,62.232,60.3459,58.3953,54.5715,88.0693,92.6649,84.9371,93.0738,85.4017,110.5814,109.1886,97.524,115.7302,114.2964,130.4904,148.5928,129.8003,137.9039,135.4769,181.9969,178.4223,160.2182,174.4,174.3854,199.5733,204.433,189.4004,186.748,183.6003,243.1558,267.9532,256.1275,248.5181,258.3458
Job sequence,"[[10  6  9 14 13  3 12  0  4 17 11  5  2 19  1  7 15 16  8 18]
  [10  6  9 14 13  3 12  0  4 17 11  5  2 19  1  7 15 16  8 18]
  [10  6  9 14 13  3 12  0  4 17 11  5  2 19  1  7 15 16  8 18] 
  [10  6  9 14 13  3 12  0  4 17 11  5  2 19  1  7 15 16  8 18]
  [10  6  9 14 13  3 12  0  4 17 11  5  2 19  1  7 15 16  8 18]
  [10  6  9 14 13  3 12  0  4 17 11  5  2 19  1  7 15 16  8 18]
  [10  6  9 14 13  3  0 12  4 17 11  5  2 19  1  7 15 16  8 18]
  [10  6  9 14 13  3  0  4 12 17 11  5  2 19  1  7 15 16  8 18]
  [10  6  9 14 13  3  0  4 12 17 11  5  2 19  1  7 15 16  8 18]
  [10  6  9 14 13  3  4  0 12 17 11  5  2 19  1  7 15 16  8 18]
  [10  6  9 14 13  3  4  0 12 17 11  5  2 19  1  7 15 16  8 18]
  [10  6  9 14 13  3  4  0 12 17 11  5  2 19  1  7 15 16  8 18]
  [10  6  9 14 13  3  4  0 12 17 11  5  2 19  1  7 15 16  8 18]
  [10  6  9 14 13  3  4  0 12 17 11  5  2 19  1  7 15 16  8 18]
  [10  6  9 14 13  3  4  0 12 11 17  5  2 19  1  7 15 16  8 18]]","[[10  5  6 11 13  9 19  1 14  3 12  0  4 18 15  2  7  8 16 17]
  [10  5  6 11 13  9 19  1 14  3 12  0  4 18 15  2  7  8 16 17]
  [10  5  6 11 13  9 19  1 14  3 12  0  4 18 15  2  7  8 16 17]
  [10  5  6 11 13  9 19  1 14  3 12  0  4 18 15  2  7  8 16 17]
  [10  5  6 11 13  9 19  1 14  3 12  0  4 18 15  2  7  8 16 17] 
  [10  5  6 11 13  9 19  1 14  3 12  0  4 18 15  2  7  8 16 17]
  [10  5  6 11 13  9 19  1 14  3 12  0  4 18 15  2  7  8 16 17]
  [10  5  6 11 13  9 19  1 14  3 12  0  4 18 15  2  7  8 16 17]
  [10  5  6 11 13  9 19  1 14  3 12  0  4 18 15  2  7  8 16 17]
  [10  5  6 11 13  9 19  1 14  3 12  0  4 18 15  2  7  8 16 17]
  [10  5  6 11 13  9 19  1 14  3 12  0  4 18 15  2  7  8 16 17]
  [10  5  6 11 13  9 19  1 14  3 12  0  4 18 15  2  7  8 16 17]
  [10  5  6 11 13  9 19  1 14  3 12  0  4 18 15  2  7  8 16 17]
  [10  5  6 11 13  9 19  1 14  3 12  0  4 18 15  2  7  8 16 17]
  [10  5  6 11 13  9 19  1 14  3 12  0  4 18 15  2  7  8 16 17]]","[[ 7 17 10  3 15  2 13  4  1  9 19 11  8  0  5 12 16 18 14  6]
  [ 7 17 10  3 15  2 13  4  1  9 19 11  8  0  5 12 16 18 14  6]
  [ 7 17 10  3 15  2 13  4  9  1 19 11  8  0  5 12 16 18 14  6]
  [ 7 17 10  3 15  2 13  4  9  1 19 11  8  0  5 12 16 18 14  6]
  [ 7 17 10  3 15  2 13  4  9  1 19 11  8  0  5 12 16 18 14  6]
  [ 7 17 10  3 15  2 13  4  9  1 19 11  8  0  5 12 16 18 14  6]
  [ 7 17 10  3 15  2 13  4  9  1 19 11  8  0  5 12 16 18 14  6]
  [ 7 17 10  3 15  2 13  4  9  1 19 11  8  0  5 12 16 18 14  6]
  [ 7 17 10  3 15  2 13  4  9  1 19 11  8  0  5 12 16 18 14  6]
  [ 7 17 10  3 15  2 13  4  9  1 19 11  8  0  5 12 16 18 14  6]
  [ 7 17 10  3 15  2 13  4  9  1 19 11  8  0  5 12 16 18 14  6]
  [ 7 17 10  3 15  2 13  4  9  1 19 11  8  0  5 12 16 18 14  6]
  [ 7 17 10  3 15  2 13  4  9  1 19 11  8  0  5 12 16 18 14  6]
  [ 7 17 10  3 15  2 13  4  9  1 19 11  8  0  5 12 16 18 14  6]
  [ 7 17 10  3 15  2 13  4  9  1 19 11  8  0  5 12 16 18 14  6]]","[[ 1 11 10 19 12  3  2 13 17  4  5  0 18  6 16 14  9  8  7 15]
  [ 1 11 10 19 12  3  2 13 17  4  5  0 18  6 16 14  9  8  7 15]
  [ 1 11 10 19 12  3  2 13 17  4  5  0 18 16  6 14  9  8  7 15]
  [ 1 11 10 19 12  3  2 13 17  4  5  0 18 16  6 14  9  8  7 15]
  [ 1 11 10 19 12  3  2 13 17  4  5  0 18 16  6 14  9  8  7 15]
  [ 1 11 10 19 12  3  2 13 17  4  5  0 18 16 14  6  9  8  7 15]
  [ 1 11 10 19 12  3  2 13 17  4  5  0 18 16 14  6  9  8  7 15]
  [ 1 11 10 19 12  3  2 13 17  4  5  0 18 16 14  6  9  8  7 15]
  [ 1 11 10 19 12  3  2 13 17  4  5  0 18 16 14  6  9  8  7 15]
  [ 1 11 10 19 12  3  2 13 17  4  5  0 18 16 14  6  9  8  7 15]
  [ 1 11 10 19 12  3  2 13 17  4  5  0 18 16 14  6  9  8  7 15]
  [ 1 11 10 19 12  3  2 13 17  4  5  0 18 16 14  6  9  8  7 15]
  [ 1 11 10 19 12  3  2 13 17  4  5  0 18 16 14  6  9  8  7 15]
  [ 1 11 10 19 12  3  2 13 17  4  5  0 18 16 14  6  9  8  7 15]
  [ 1 11 10 19 12  3  2 13 17  4  5  0 16 14 18  6  9  8  7 15]]","[[ 5 19  4  8 14  2 10 16  1 18 13  0  3 12 15 17 11  7  9  6]
  [ 5 19  4  8 14  2 10 16  1 18 13  0  3 12 15 17 11  7  9  6]
  [ 5 19  4  8 14  2 10 16  1 18 13  0  3 12 15 17 11  7  9  6]
  [ 5 19  4  8 14  2 10 16  1 18 13  0  3 12 15 17 11  7  9  6]
  [ 5 19  4  8 14  2 10 16  1 18 13  0  3 12 15 17 11  7  9  6]
  [ 5 19  4  8 14  2 10 16  1 18 13  0  3 12 15 17 11  7  9  6]
  [ 5 19  4  8 14  2 10 16  1 18 13  0  3 12 15 17 11  7  9  6]
  [ 5 19  4  8 14  2 10 16  1 18 13  0  3 12 15 17 11  7  9  6]
  [ 5 19  4  8 14  2 10 16  1 18 13  0  3 12 15 17 11  7  9  6]
  [ 5 19  4  8 14  2 10 16  1 18 13  0  3 12 15 17 11  7  9  6]
  [ 5 19  4  8 14  2 10 16  1 18 13  0  3 12 15 17 11  7  9  6]
  [ 5 19  4  8 14  2 10 16  1 18 13  0  3 12 15 17 11  7  9  6]
  [ 5 19  4  8 14  2 10 16  1 18 13  0  3 12 15 17 11  7  9  6]
  [ 5 19  4  8 14  2 10 16  1 18 13  0  3 12 15 17 11  7  9  6]
  [ 5 19  4  8 14  2 10 16  1 18 13  0  3 12 15 17 11  7  9  6]]","[[10 13 11  7  1 19 14  5 16  0  2  9  6 15 17  3 12 18  4  8]
  [10 13 11  7  1 19 14  5 16  0  2  9  6 15 17  3 12 18  4  8]
  [10 13 11  7  1 19 14  5 16  0  2  9  6 15 17  3 12 18  4  8]
  [10 13 11  7  1 19 14  5 16  0  2  9  6 15 17  3 12 18  4  8]
  [10 13 11  7  1 19 14  5 16  0  2  9  6 15 17  3 12 18  4  8]
  [10 13 11  7  1 19 14  5 16  0  2  9  6 15 17  3 12 18  4  8]
  [10 13 11  7  1 19 14  5 16  0  2  9  6 15 17  3 12 18  4  8]
  [10 13 11  7  1 19 14  5 16  0  2  9  6 15 17  3 12 18  4  8]
  [10 13 11  7  1 19 14  5 16  0  2  9  6 15 17  3 12 18  4  8]
  [10 13 11  7  1 19 14  5 16  0  2  9  6 15 17  3 12 18  4  8]
  [10 13 11  7  1 19 14  5 16  0  2  9  6 15 17  3 12 18  4  8]
  [10 13 11  7  1 19 14  5 16  0  2  9  6 15 17  3 12 18  4  8]
  [10 13 11  7  1 19 14  5 16  0  2  9  6 15 17  3 12 18  4  8]
  [10 13 11  7  1 19 14  5 16  0  2  9  6 15 17  3 12 18  4  8]
  [10 13 11  7 19  1 14  5 16  0  2  9  6 15 17  3 12 18  4  8]
  [10 13 11  7 19  1 14  5 16  0  2  9  6 15 17  3 12 18  4  8]
  [10 13 11  7 19  1 14  5 16  0  2  9  6 15 17  3 12 18  4  8]
  [10 13 11  7 19 14  1  5 16  0  2  9  6 15 17  3 12 18  4  8]
  [10 13 11  7 19 14  1  5 16  0  2  9  6 15 17  3 12 18  4  8]
  [10 13 11  7 19 14  1  5 16  0  2  9  6 15 17  3 12 18  4  8]]","[[16  7  1 10 13  9  5  4  8 14 18 12 11 17 15  2  3  0 19  6]
  [16  7  1 10 13  9  5  4  8 14 18 12 11 17 15  2  3  0 19  6]
  [16  7  1 10 13  9  5  4  8 14 18 12 11 17 15  2  3  0 19  6]
  [16  7  1 10 13  9  5  4  8 14 18 12 11 17 15  2  3  0 19  6]
  [16  7  1 10 13  9  5  4  8 14 18 12 11 17 15  2  3  0 19  6]
  [16  7  1 10 13  9  5  4  8 14 18 12 11 17 15  2  3  0 19  6]
  [16  7  1 10 13  9  5  4  8 14 18 12 11 17 15  2  3  0 19  6]
  [16  7  1 10 13  9  5  4  8 14 18 12 11 17 15  2  3  0 19  6]
  [16  7  1 10 13  9  5  4  8 14 18 12 11 17 15  2  3  0 19  6]
  [16  7  1 10 13  9  5  4  8 14 18 12 11 17 15  2  3  0 19  6]
  [16  7  1 10 13  9  5  4  8 14 18 12 11 17 15  2  3  0 19  6]
  [16  7  1 10 13  9  5  4  8 14 18 12 11 17 15  2  3  0 19  6]
  [16  7  1 10 13  9  5  4  8 14 18 12 11 17 15  2  3  0 19  6]
  [16  7  1 10 13  9  5  4  8 14 18 12 11 17 15  2  3  0 19  6]
  [16  7  1 10 13  9  5  4  8 14 18 12 11 17 15  2  3  0 19  6]
  [16  7  1 10 13  9  5  4  8 14 18 12 11 17 15  2  3  0 19  6]
  [16  7  1 10 13  9  5  4  8 14 18 12 11 17 15  2  3  0 19  6]
  [16  7  1 10 13  9  5  4  8 14 18 12 11 17 15  2  3  0 19  6]
  [16  7  1 10 13  9  5  4  8 14 18 12 11 17 15  2  3  0 19  6]
  [16  7  1 10 13  9  5  4  8 14 18 12 11 17 15  2  3  0 19  6]]","[[ 6 15  9  7 17  5  4 18 19 11 14 10 12  2  1  0  8 16 13  3]
  [ 6 15  9  7 17  5  4 18 19 11 14 10 12  2  1  0  8 16 13  3]
  [ 6 15  9  7  5 17  4 18 19 11 14 10  2 12  1  0  8 16 13  3]
  [ 6 15  9  7  5 17  4 18 19 11 14 10  2  1 12  0  8 16 13  3]
  [ 6 15  9  7  5 17  4 18 19 11 14 10  2  1 12  0  8 16 13  3]
  [ 6 15  9  7  5 17  4 18 19 11 14 10  2  1 12  0  8 16 13  3]
  [ 6 15  9  7  5 17  4 18 19 11 14 10  2  1 12  0  8 16 13  3]
  [ 6 15  9  7  5 17  4 18 19 11 14 10  2  1 12  0  8 16 13  3]
  [ 6 15  9  7  5 17  4 18 19 11 14 10  2  1 12  0  8 16 13  3]
  [ 6 15  9  7  5 17  4 18 19 11 14 10  2  1 12  0  8 16 13  3]
  [ 6 15  9  7  5 17  4 18 19 11 14 10  2  1 12  0  8 16 13  3]
  [ 6 15  9  7  5 17  4 18 19 11 14 10  2  1 12  0  8 16 13  3]
  [ 6 15  9  7  5 17  4 18 19 11 14 10  2  1 12  0  8 16 13  3]
  [ 6 15  9  7  5 17  4 18 19 11 14 10  2  1 12  0  8 16 13  3]
  [ 6 15  9  7  5 17  4 18 19 11 14 10  2  1 12  0  8 16 13  3]
  [ 6 15  9  7  5 17  4 18 19 11 14 10  2  1 12  0  8 16 13  3]
  [ 6 15  9  7  5  4 17 18 19 11 14 10  2  1 12  0  8 16 13  3]
  [ 6 15  9  7  5  4 17 18 19 11 14 10  2  1 12  0  8 16 13  3]
  [ 6 15  9  7  5  4 17 18 19 11 14 10  2  1 12  0  8 16 13  3]
  [ 6 15  9  7  5  4 17 18 19 11 14 10  1  2 12  0  8 16 13  3]]","[[ 4  5  9  7 16 12  3  6 14 17  2 13  8  1 11 18 15 10  0 19]
  [ 4  5  9  7 16 12  3  6 14 17  2 13  8  1 11 18 15 10  0 19]
  [ 4  5  9  7 16 12  3  6 14 17  2 13  8  1 11 18 15 10  0 19]
  [ 4  5  9  7 16 12  3  6 14 17  2 13  8  1 11 18 15 10 19  0]
  [ 4  5  9  7 16 12  3  6 14 17  2 13  8  1 11 18 15 10 19  0]
  [ 4  5  9  7 16 12  3  6 14 17  2 13  8  1 11 18 15 10 19  0]
  [ 4  5  9  7 16 12  3  6 14 17  2 13  8  1 11 18 15 10 19  0]
  [ 4  5  9  7 16 12  3  6 14 17  2 13  8  1 11 18 15 10 19  0]
  [ 4  5  9  7 16 12  3  6 14 17  2 13  8  1 11 18 15 10 19  0]
  [ 4  5  9  7 16 12  3  6 14 17  2 13  8  1 11 18 15 10 19  0]
  [ 4  5  9  7 16 12  3  6 14 17  2 13  8  1 11 18 15 10 19  0]
  [ 4  5  9  7 16 12  3  6 14 17  2 13  8  1 11 18 15 10 19  0]
  [ 4  5  9  7 16 12  3  6 14 17  2 13  8  1 11 18 15 10 19  0]
  [ 4  5  9  7 16 12  3  6 14 17  2 13  8  1 11 18 15 10 19  0]
  [ 4  5  9  7 16 12  3  6 14 17  2 13  8  1 11 18 15 10 19  0]
  [ 4  5  9  7 16 12  3  6 14 17  2 13  8  1 11 18 15 10 19  0]
  [ 4  5  9  7 16 12  3  6 14 17  2 13  8  1 11 18 15 10 19  0]
  [ 4  5  9  7 16 12  3  6 14 17  2 13  8  1 11 18 15 10 19  0]
  [ 4  5  9  7 16 12  3  6 14 17  2 13  8  1 11 18 15 10 19  0]
  [ 4  5  9  7 16 12  3  6 14 17  2 13  8  1 11 18 15 10 19  0]]","[[14  4 18  6 17 12  9  7  1  5  0 10 11 13 15  3 16  2  8 19]
  [14  4 18  6 17 12  9  7  1  5  0 10 11 13 15  3 16  2  8 19]
  [14  4 18  6 17 12  9  7  1  5  0 10 11 13 15  3 16  2  8 19]
  [14  4 18  6 17 12  9  7  1  5  0 10 11 13 15  3 16  2  8 19]
  [14  4 18  6 17 12  9  7  1  5  0 10 11 13 15  3 16  2  8 19]
  [14  4 18  6 17 12  9  7  1  5  0 10 11 13 15  3 16  2  8 19]
  [14  4 18  6 17 12  9  7  1  5  0 10 11 13 15  3 16  2  8 19]
  [14  4 18  6 17 12  9  7  1  5  0 10 11 13 15  3 16  2  8 19]
  [14  4 18  6 17 12  9  7  1  5  0 10 11 13 15  3 16  2  8 19]
  [14  4 18  6 17 12  9  7  1  5  0 10 11 13 15  3 16  2  8 19]
  [14  4 18  6 17 12  9  7  1  5  0 10 11 13 15  3 16  2  8 19]
  [14  4 18  6 17 12  9  7  1  5  0 10 11 13 15  3 16  2  8 19]
  [14  4 18  6 17 12  9  7  1  5  0 10 11 13 15  3 16  2  8 19]
  [14  4 18  6 17 12  9  7  1  5  0 10 11 13 15  3 16  2  8 19]
  [14  4 18  6 17 12  9  7  1  5  0 10 11 13 15  3 16  2  8 19]
  [14  4 18  6 17 12  9  7  1  5  0 10 11 13 15  3 16  2  8 19]
  [14  4 18  6 17 12  9  7  1  5  0 10 11 13 15  3 16  2  8 19]
  [14  4 18  6 17 12  9  7  1  5  0 10 11 13 15  3 16  2  8 19]
  [14  4 18  6 17 12  9  7  1  5  0 10 11 13 15  3 16  2  8 19]
  [14  4 18  6 17 12  9  7  1  5  0 10 11 13 15  3 16  2  8 19]]","[[ 9 14  0  7  4 20  5 19 25 29 24 15  6 28  8 10 22 16 11 21  2 17 27  12 23 13  3  1 26 18]
  [ 9 14  0  7  4 20  5 19 25 29 24 15  6 28  8 10 22 16 11 21  2 17 27  12 23 13  3  1 26 18]
  [ 9 14  0  7  4 20  5 19 25 29 24 15  6 28  8 10 22 16 11 21  2 17 27  12 23 13  3  1 26 18]
  [ 9 14  0  7  4 20  5 19 25 29 24 15  6 28  8 10 22 16 11 21  2 17 27  12 23 13  3  1 26 18]
  [ 9 14  0  7  4 20  5 19 25 29 24 15  6 28  8 10 22 16 11 21  2 17 27  12 23 13  3  1 26 18]
  [ 9 14  0  7  4 20  5 19 25 29 24 15  6 28  8 10 22 16 11 21  2 27 12  17 23 13  3  1 26 18]
  [ 9 14  0  7  4 20  5 19 25 29 24 15  6 28  8 10 22 16 11 21  2 27 12  17 13 23  3  1 26 18]
  [ 9 14  0  7  4 20  5 19 25 29 24 15  6 28  8 10 22 16 11 21  2 27 12  17 13 23  3  1 26 18]
  [ 9 14  0  7  4 20  5 19 25 29 24 15  6 28  8 10 22 16 11 21  2 27 12  17 13 23  3  1 26 18]
  [ 9 14  0  7  4 20  5 19 25 29 24 15  6 28  8 10 22 16 11 21  2 27 12  17 13 23  3  1 26 18]
  [ 9 14  0  7  4 20  5 19 25 29 24 15  6 28  8 10 22 16 11 21  2 27 12  17 13 23  3  1 26 18]
  [ 9 14  0  7  4 20  5 19 25 29 24 15  6 28  8 10 22 16 11 21  2 27 12  13 17 23  3  1 26 18]
  [ 9 14  0  7  4 20  5 19 25 29 24 15  6 28  8 10 22 16 11 21  2 27 12  13 17 23  3  1 26 18]
  [ 9 14  0  7  4 20  5 19 25 29 24 15  6 28  8 10 22 16 11 21  2 27 12  13 17 23  3  1 26 18]
  [ 9 14  0  7  4 20  5 19 25 29 24 15  6 28  8 10 22 16 11 21  2 27 12  13 17  3 23  1 26 18]]","[[26 25 23  6  3 20 18  7 29  5  2  0 13  4 12 15 14 10 19  9 17 24 27   11 22  1  8 21 28 16]
  [26 25 23  6  3 20 18  7 29  5  2  0 13  4 12 15 14 10 19  9 17 24 27   11 22  1  8 21 28 16]
  [26 25 23  6  3 20 18  7 29  5  2  0 13  4 12 15 14 10 19  9 17 24 27   22 11  1  8 21 28 16]
  [26 25 23  6  3 20 18  7 29  5  2  0 13  4 12 15 14 10 19  9 17 24 27   22 11  1  8 21 28 16]
  [26 25 23  6  3 20 18  7 29  5  2  0 13  4 12 15 14 10 19  9 17 24 27   22 11  1  8 21 28 16]
  [26 25 23  6  3 20 18  7 29  5  2  0 13  4 12 15 14 10 19  9 17 24 27   22 11  1  8 21 28 16]
  [26 25 23  6  3 20 18  7 29  5  2  0 13  4 12 15 14 10 19  9 17 24 27   22 11  1  8 21 28 16]
  [26 25 23  6  3 20 18  7 29  5  2  0  4 13 12 15 14 10 19  9 17 24 27   22 11  1  8 21 28 16]
  [26 25 23  6  3 20 18  7 29  5  2  0  4 13 12 15 14 10 19  9 17 24 27   22 11  1  8 21 28 16]
  [26 25 23  6  3 20 18  7 29  5  2  0  4 13 12 15 14 10 19  9 17 24 27   22 11  1  8 21 28 16]
  [26 25 23  6  3 20 18  7 29  5  2  0  4 13 12 15 14 10 19  9 17 24 27   22 11  1  8 21 28 16]
  [26 25 23  6  3 20 18  7 29  5  2  0  4 13 12 15 14 10 19  9 17 24 27   22 11  1  8 21 28 16]
  [26 25 23  6  3 20 18  7 29  5  2  0  4 13 12 15 14 10 19  9 17 24 27   22 11  1  8 21 28 16]
  [26 25 23  6  3 20 18  7 29  5  2  0  4 13 12 15 14 10 19  9 17 24 27   22 11  1  8 21 28 16]
  [26 25 23  6  3 20 18  7 29  5  2  0  4 13 12 15 14 10 19  9 17 24 27   22 11  1  8 21 28 16]]","[[19 25  0 28  4  5  3 26  6 22 20 16  8 10 12  7  2 14  9 18 24  1 23   21 11 15 27 17 29 13]
  [19 25  0 28  4  5  3 26  6 22 20 16  8 10 12  7  2 14  9 18 24  1 23   21 11 15 27 17 29 13]
  [19 25  0 28  4  5  3 26  6 22 20 16  8 10 12  7  2 14  9 18 24  1 23   21 11 15 27 17 29 13]
  [19 25  0  4 28  5  3 26 22 20 16  6  8 10 12  7  2 14  9 18 24  1 23   21 11 15 27 17 29 13]
  [19 25  0  4 28  5  3 26 22 20 16  8  6 10 12  7  2 14  9 18 24  1 23   21 11 15 27 17 29 13]
  [19 25  0  4 28  5  3 26 22 20 16  8  6 10 12  7  2 14  9 18 24  1 23   21 11 15 27 17 29 13]
  [19 25  0  4 28  5  3 26 20 16 22  8 10  6  7  2 14  9 12 18 24  1 23   21 11 15 27 17 29 13]
  [19 25  0  4 28  5  3 26 20 16 22  8 10  6  7  2 14  9 18 12 24  1 23   21 11 15 27 17 29 13]
  [19 25  0  4 28  5  3 26 20 16 22  8 10  6  7  2 14  9 18 12 24  1 23   21 11 15 27 17 29 13]
  [19 25  0  4 28  5  3 26 20 16 22 10  8  6  7  2  9 14 18 12 24  1 23   21 11 15 27 17 29 13]
  [19 25  0  4 28  5  3 26 20 16 22 10  8  6  7  2  9 14 18 12 24  1 23   21 11 15 27 17 29 13]
  [19 25  0  4 28  5  3 26 20 16 10 22  8  6  7  2  9 14 18 12 24  1 23   21 11 15 27 17 29 13]
  [19 25  0  4 28  5  3 26 20 16 10 22  8  6  7  2  9 14 18 12  1 24 23   21 11 15 27 17 29 13]
  [19 25  0  4 28  5  3 26 20 16 10 22  8  6  7  2  9 14 18 12  1 24 23   21 11 15 27 17 29 13]
  [19 25  0  4 28  5  3 26 20 16 10 22  8  6  7  9  2 14 18 12  1 24 23   21 11 15 27 17 29 13]]","[[ 4 23 18  7 26 20 28 10 21 16  3 24  8  2 15 13  5 22  1 11 25 29 12    9 14  0  6 17 27 19]
  [ 4 23 18  7 26 20 28 10 21 16  3 24  8  2 15 13  5 22  1 11 25 29 12    9 14  0  6 17 27 19]
  [ 4 23 18 26  7 20 28 10 21 16  3 24  8  2 15 13  5 22  1 11 25 29 12    9 14  0  6 17 27 19]
  [ 4 23 18 26  7 20 28 10 21 16  3 24  8  2 15 13  5 22  1 11 25 29 12    9 14  0  6 17 27 19]
  [ 4 23 18 26  7 20 28 10 21 16  3 24  8  2 15 13  5 22  1 11 25 29 12    9 14  0  6 17 27 19]
  [ 4 23 18 26  7 20 28 10 21 16  3 24  8  2 15 13  5 22  1 11 25 29 12    9 14  0  6 17 27 19]
  [ 4 23 18 26  7 20 28 10 21 16  3 24  8  2 15 13  5 22  1 11 25 29 12    9 14  0  6 17 27 19]
  [ 4 23 18 26  7 20 28 10 21 16  3 24  8  2 15 13  5 22  1 11 25 29 12    9 14  0  6 17 27 19]
  [ 4 23 18 26  7 20 28 10 21 16  3 24  8  2 15 13  5 22  1 11 25 29 12    9 14  0  6 17 27 19]
  [ 4 23 18 26  7 20 28 10 21 16  3 24  8  2 15 13  5 22  1 11 25 29 12    9 14  0  6 17 27 19]
  [ 4 23 18 26  7 20 28 10 21 16  3  8 24  2 15 13  5 22  1 11 25 29 12    9 14  0  6 17 27 19]
  [ 4 23 18 26  7 20 28 10 21 16  3  8 24  2 15 13  5 22  1 11 25 29 12    9 14  0  6 17 27 19]
  [ 4 23 18 26  7 20 28 10 21 16  3  8 24  2 15 13  5 22  1 11 25 29 12    9 14  0  6 17 27 19]
  [ 4 23 18 26  7 20 28 10 21 16  3  8 24  2 15 13  5 22  1 11 25 29 12    9 14  0  6 17 27 19]
  [ 4 23 18 26  7 20 28 10 21 16  3  8 24  2 15 13  5 22  1 11 25 29 12    9 14  0  6 17 27 19]]","[[ 6  7 10 19  9 28  0  2 29  3 27 16 23 25 18 26 14 21 15 11 20  4 12   17  8  1 24  5 22 13]
  [ 6  7 10 19  9 28  0  2 29  3 27 16 23 25 18 26 14 21 15 11 20  4 12   17  8  1 24  5 22 13]
  [ 6  7 10 19  9 28  0  2 29  3 27 16 23 25 18 14 21 26 15 11 20  4 12   17  8  1 24  5 22 13]
  [ 6  7 10 19  9 28  0  2 29  3 27 16 23 25 18 14 21 15 26 11 20  4 12   17  8  1 24  5 22 13]
  [ 6  7 10 19  9 28  0  2 29  3 27 16 23 25 18 14 21 15 11 26 20  4 12   17  8  1 24  5 22 13]
  [ 6  7 10 19  9 28  0  2 29  3 27 16 23 25 18 14 21 15 11 26 20  4 12   17  8  1 24  5 22 13]
  [ 6  7 10 19  9 28  0  2 29  3 27 16 23 25 18 14 21 15 11 26 20  4 12   17  8  1 24  5 22 13]
  [ 6  7 10 19  9 28  0  2 29  3 27 16 23 25 18 14 21 15 11 26 20  4 12   17  8  1 24  5 22 13]
  [ 6  7 10 19  9 28  0  2 29  3 27 16 23 25 18 14 21 15 11 26 20  4 12   17  8  1 24  5 22 13]
  [ 6  7 10 19  9 28  0  2 29  3 27 16 23 25 18 14 21 15 11 26 20  4 12   17  8  1 24  5 22 13]
  [ 6  7 10 19  9 28  0  2 29  3 27 16 23 25 18 14 21 15 11 26 20  4 12   17  8  1 24  5 22 13]
  [ 6  7 10 19  9 28  0  2 29  3 27 16 23 25 18 14 21 15 11 26 20  4 12   17  8  1 24  5 22 13]
  [ 6  7 10 19  9 28  0  2 29  3 27 16 23 25 18 14 21 15 11 26 20  4 12   17  8  1 24  5 22 13]
  [ 6  7 10 19  9 28  0  2 29  3 27 16 23 25 18 14 21 15 11 26 20  4 12   17  8  1 24  5 22 13]
  [ 6  7 10 19  9 28  0  2 29  3 27 16 23 25 18 14 21 15 11 26 20  4 12   17  8  1 24  5 22 13]]","[[ 7 25 17  1 20  4 16 29 19 18 21 22  3 15  6 28 11 27 23 14 26 10 12   13  0 24  9  8  5  2]
  [ 7 25 17  1 20  4 16 29 19 18 21 22  3 15  6 28 11 27 23 14 26 10 12   13  0 24  9  8  5  2]
  [ 7 25 17  1 20  4 16 29 19 18 21 22  3 15  6 28 11 27 23 14 26 10 12   13  0 24  9  8  5  2]
  [ 7 25 17  1 20  4 16 29 19 18 21 22  3 15  6 28 11 27 23 14 26 10 12   13  0 24  9  8  5  2]
  [ 7 25 17  1 20  4 16 29 19 18 21 22  3 15  6 28 11 27 23 14 26 10 12   13  0 24  9  8  5  2]
  [ 7 25 17  1 20  4 16 29 19 18 21 22  3 15  6 28 11 27 23 14 26 10 12   13  0 24  9  8  5  2]
  [ 7 25 17  1 20  4 16 29 19 18 21 22  3 15  6 28 11 27 23 14 26 10 12   13  0 24  9  8  5  2]
  [ 7 25 17  1 20  4 16 29 19 18 21 22  3 15  6 28 11 27 23 14 26 10 12   13  0 24  9  8  5  2]
  [ 7 25 17  1 20  4 16 29 19 18 21 22  3 15  6 28 11 27 23 14 26 10 12   13  0 24  9  8  5  2]
  [ 7 25 17  1 20  4 16 29 19 18 21 22  3 15  6 28 11 27 23 14 26 10 12   13  0 24  9  8  5  2]
  [ 7 25 17  1 20  4 16 29 19 18 21 22  3 15  6 28 11 27 23 14 26 10 12   13  0 24  9  8  5  2]
  [ 7 25 17  1 20  4 16 29 19 18 21 22  3 15  6 28 11 27 23 14 26 10 12   13  0 24  9  8  5  2]
  [ 7 25 17  1 20  4 16 29 19 18 21 22  3 15  6 28 11 27 23 14 26 10 12   13  0 24  9  8  5  2]
  [ 7 25 17  1 20  4 16 29 19 18 21 22  3 15  6 28 11 27 23 14 26 10 12   13  0 24  9  8  5  2]
  [ 7 25 17  1 20  4 16 29 19 18 21 22  3 15  6 28 11 27 23 14 26 10 12   13  0 24  9  8  5  2]
  [ 7 25 17  1 20  4 16 29 19 18 21 22  3 15  6 28 11 27 23 14 26 10 12   13  0 24  9  8  5  2]
  [ 7 25 17  1 20  4 16 29 19 18 21 22  3 15  6 28 11 27 23 14 26 10 12   13  0 24  9  8  5  2]
  [ 7 25 17  1 20  4 16 29 19 18 21 22  3 15  6 28 11 27 23 14 26 10 12   13  0 24  9  8  5  2]
  [ 7 25 17  1 20  4 16 29 19 18 21 22  3 15  6 28 11 27 23 14 26 10 12   13  0 24  9  8  5  2]
  [ 7 25 17  1 20  4 16 29 19 18 21 22  3 15  6 28 11 27 23 14 26 10 12   13  0 24  9  8  5  2]]","[[20  2 24 17 28 18  5 21  4 29 27 12 19 14 15 25  8 16 26 23  1 11  7    3 10 13  9  0  6 22]
  [20  2 24 17 28 18  5 21  4 29 27 12 19 14 15 25  8 16 26 23  1 11  7    3 10 13  9  0  6 22]
  [20  2 24 17 28 18  5 21  4 29 27 12 19 14 15 25  8 16 26 23  1 11  7    3 10 13  9  0  6 22]
  [20  2 24 17 28 18  5 21  4 29 27 12 19 14 15 25  8 16 26 23  1 11  7    3 10 13  9  0  6 22]
  [20  2 24 17 28 18  5 21  4 29 27 12 19 14 15 25  8 16 26 23  1 11  7    3 10 13  9  0  6 22]
  [20  2 24 17 28 18  5 21  4 29 27 12 19 14 15 25  8 16 26 23  1 11  7    3 10 13  9  0  6 22]
  [20  2 24 17 28 18  5 21  4 29 27 12 19 14 15 25  8 16 26 23  1 11  7    3 10 13  9  0  6 22]
  [20  2 24 17 28 18  5 21  4 29 27 12 19 14 15 25  8 16 26 23  1 11  7    3 10 13  9  0  6 22]
  [20  2 24 17 28 18  5 21  4 29 27 12 19 14 15 25  8 16 26 23  1 11  7    3 10 13  9  0  6 22]
  [20  2 24 17 28 18  5 21  4 29 27 12 19 14 15 25  8 16 26 23  1 11  7    3 10 13  9  0  6 22]
  [20  2 24 17 28 18  5 21  4 29 27 12 19 14 15 25  8 16 26 23  1 11  7    3 10 13  9  0  6 22]
  [20  2 24 17 28 18  5 21  4 29 27 12 19 14 15 25  8 16 26 23  1 11  7    3 10 13  9  0  6 22]
  [20  2 24 17 28 18  5 21  4 29 27 12 19 14 15 25  8 16 26 23  1 11  7    3 10 13  9  0  6 22]
  [20  2 24 17 28 18  5 21  4 29 27 12 19 14 15 25  8 16 26 23  1 11  7    3 10 13  9  0  6 22]
  [20  2 24 17 28 18  5 21  4 29 27 12 19 14 15 25  8 16 26 23  1 11  7    3 10 13  9  0  6 22]
  [20  2 24 17 28 18  5 21  4 29 27 12 19 14 15 25  8 16 26 23  1 11  7    3 10 13  9  0  6 22]
  [20  2 24 17 28 18  5 21  4 29 27 12 19 14 15 25  8 16 26 23  1 11  7    3 10 13  9  0  6 22]
  [20  2 24 17 28 18  5 21  4 29 27 12 19 14 15 25  8 16 26 23  1 11  7    3 10 13  9  0  6 22]
  [20  2 24 17 28 18  5 21  4 29 27 12 19 14 15 25  8 16 26 23  1 11  7    3 10 13  9  0  6 22]
  [20  2 24 17 28 18  5 21  4 29 27 12 19 14 15 25  8 16 26 23  1 11  7    3 10 13  9  0  6 22]]","[[12 20 16  6 21 19 14 28 29  5 25 10 26 15  2  8 22  0  4 17 13 23  3   18  7 11 27 24  1  9]
  [12 20 16  6 21 19 14 28 29  5 25 10 26 15  2  8 22  0  4 17 13 23  3   18  7 11 27 24  1  9]
  [12 20 16  6 21 19 14 28 29  5 25 10 26 15  2  8 22  0  4 17 13 23  3   18  7 11 27 24  1  9]
  [12 20 16  6 21 19 14 28 29  5 25 10 26 15  2  8 22  0  4 17 13 23  3   18  7 11 27 24  1  9]
  [12 20 16  6 21 19 14 28 29  5 25 10 26 15  2  8 22  0  4 17 13 23  3   18  7 11 27 24  1  9]
  [12 20 16  6 21 19 14 28 29  5 25 10 26 15  2  8 22  0  4 17 13 23  3   18  7 11 27 24  1  9]
  [12 20 16  6 21 19 14 28 29  5 25 10 26 15  2  8 22  0  4 17 13 23  3   18  7 11 27 24  1  9]
  [12 20 16  6 21 19 14 28 29  5 25 10 26 15  2  8 22  0  4 17 13 23  3   18  7 11 27 24  1  9]
  [12 20 16  6 21 19 14 28 29  5 25 10 26 15  2  8 22  0  4 17 13 23  3   18  7 11 27 24  1  9]
  [12 20 16  6 21 19 14 28 29  5 25 10 26 15  2  8 22  0  4 17 13 23  3   18  7 11 27 24  1  9]
  [12 20 16  6 21 19 14 28 29  5 25 10 26 15  2  8 22  0  4 17 13 23  3   18  7 11 27 24  1  9]
  [12 20 16  6 21 19 14 28 29  5 25 10 26 15  2  8 22  0  4 17 13 23  3   18  7 11 27 24  1  9]
  [12 20 16  6 21 19 14 28 29  5 25 10 26 15  2  8 22  0  4 17 13 23  3   18  7 11 27 24  1  9]
  [12 20 16  6 21 19 14 28 29  5 25 10 26 15  2  8 22  0  4 17 13 23  3   18  7 11 27 24  1  9]
  [12 20 16  6 21 19 14 28 29  5 25 10 26 15  2  8 22  0  4 17 13 23  3   18  7 11 27 24  1  9]
  [12 20 16  6 21 19 14 28 29  5 25 10 26 15  2  8 22  0  4 17 13 23  3   18  7 11 27 24  1  9]
  [12 20 16  6 21 19 14 28 29  5 25 10 26 15  2  8 22  0  4 17 13 23  3   18  7 11 27 24  1  9]
  [12 20 16  6 21 19 14 28 29  5 25 10 26 15  2  8 22  0  4 17 13 23  3   18  7 11 27 24  1  9]
  [12 20 16  6 21 19 14 28 29  5 25 10 26 15  2  8 22  0  4 17 13 23  3   18  7 11 27 24  1  9]
  [12 20 16  6 21 19 14 28 29  5 25 10 26 15  2  8 22  0  4 17 13 23  3   18  7 11 27 24  1  9]]
","[[10 19  6  1  5 23  4 21  0 24 25 22  7  8  9 13 12 29 18 26 20 17  3   11 16 15  2 27 14 28]
  [10 19  6  1  5 23  4 21  0 24 25 22  7  8  9 13 12 29 18 26 20 17  3   11 16 15  2 27 14 28]
  [10 19  6  1  5 23  4 21  0 24 25  7 22  8  9 13 12 29 18 26 20 17  3   11 16 15  2 27 14 28]
  [10 19  6  1  5 23  4 21  0 24 25  7 22  8  9 13 12 29 18 26 20 17  3   11 16 15  2 27 14 28]
  [10 19  6  1  5 23  4 21  0 24 25  7 22  8  9 13 12 29 18 26 20 17 11    3 16 15  2 27 14 28]
  [10 19  6  1  5 23  4 21  0 24 25  7 22  8  9 13 12 29 18 26 20 17 11    3 16 15  2 27 14 28]
  [10 19  6  1  5 23  4 21  0 24 25  7 22  8  9 13 12 29 18 26 20 17 11    3 16 15  2 27 14 28]
  [10 19  6  1  5 23  4 21  0 24 25  7 22  8  9 13 12 29 18 26 20 17 11    3 16 15  2 27 14 28]
  [10 19  6  1  5 23  4 21  0 24 25  7 22  8  9 13 12 29 18 26 20 17 11    3 16 15  2 27 14 28]
  [10 19  6  1  5 23  4 21  0 24 25  7 22  8  9 13 12 29 18 26 20 17 11    3 16 15  2 27 14 28]
  [10 19  6  1  5 23  4 21  0 24 25  7 22  8  9 13 12 29 18 26 20 17 11    3 16 15  2 27 14 28]
  [10 19  6  1  5 23  4 21  0 24 25  7 22  8  9 13 12 29 18 26 20 17 11    3 16 15  2 27 14 28]
  [10 19  6  1  5 23  4 21  0 24 25  7 22  8  9 13 12 29 18 26 20 17 11    3 16 15  2 27 14 28]
  [10 19  6  1  5 23  4 21  0 24 25  7 22  8  9 13 12 29 18 26 20 17 11    3 16 15  2 27 14 28]
  [10 19  6  1  5 23  4 21  0 24 25  7 22  8  9 13 12 29 18 26 20 17 11    3 16 15  2 27 14 28]
  [10 19  6  1  5 23  4 21  0 24 25  7 22  8  9 13 12 29 18 26 20 17 11    3 16 15  2 27 14 28]
  [10 19  6  1  5 23  4 21  0 24 25  7 22  8  9 13 12 29 18 26 20 17 11    3 16 15  2 27 14 28]
  [10 19  6  1  5 23  4 21  0 24 25  7 22  8  9 13 12 29 18 26 20 17 11    3 16 15  2 27 14 28]
  [10 19  6  1  5 23  4 21  0 24 25  7 22  8  9 13 12 29 18 26 20 17 11    3 16 15  2 27 14 28]
  [10 19  6  1  5 23  4 21  0 24 25  7 22  8  9 13 12 29 18 26 20 17 11    3 16 15  2 27 14 28]]","[[ 0 22 18 17 27 15  8 13  6  2 14  9 20 29 24  1 26  4 10 23 19 28  7   11  3 16 21 12 25  5]
  [ 0 22 18 17 27 15  8 13  6  2 14  9 20 29 24  1 26  4 10 23 19 28  7   11  3 16 21 12 25  5]
  [ 0 22 18 17 27 15  8 13  6  2 14  9 20 29 24  1 26  4 10 23 19 28  7   11  3 16 21 12 25  5]
  [ 0 22 18 17 27 15  8 13  6  2 14  9 20 29 24  1 26  4 10 23 19 28  7   11  3 16 21 12 25  5]
  [ 0 22 18 17 27  8 15 13  6  2 14  9 20 29 24  1 26  4 10 23 19 28  7   11  3 16 21 12 25  5]
  [ 0 22 18 17 27  8 15 13  6  2 14  9 20 29 24  1 26  4 10 23 19 28  7   11  3 16 21 12 25  5]
  [ 0 22 18 17 27  8 15 13  6  2 14  9 20 29 24  1 26  4 10 23 19 28  7   11  3 16 21 12 25  5]
  [ 0 22 18 17 27  8 15 13  6  2 14  9 20 29 24  1 26  4 10 23 19 28  7   11  3 16 21 12 25  5]
  [ 0 22 18 17 27  8 15 13  6  2 14  9 20 29 24  1 26  4 10 23 19 28  7   11  3 16 21 12 25  5]
  [ 0 22 18 17 27  8 15 13  6  2 14  9 20 29 24  1 26  4 10 23 19 28  7   11  3 16 21 12 25  5]
  [ 0 22 18 17 27  8 15 13  6  2 14  9 20 29 24  1 26  4 10 23 19 28  7   11  3 16 21 12 25  5]
  [ 0 22 18 17 27  8 15 13  6  2 14  9 20 29 24  1 26  4 10 23 19 28  7   11  3 16 21 12 25  5]
  [ 0 22 18 17 27  8 15 13  6  2 14  9 20 29 24  1 26  4 10 23 19 28  7   11  3 16 21 12 25  5]
  [ 0 22 18 17 27  8 15 13  6  2 14  9 20 29 24  1 26  4 10 23 19 28  7   11  3 16 21 12 25  5]
  [ 0 22 18 17 27  8 15 13  6  2 14  9 20 29 24  1 26  4 10 23 19 28  7   11  3 16 21 12 25  5]
  [ 0 22 18 17 27  8 15 13  6  2 14  9 20 29 24  1 26  4 10 23 19 28  7   11  3 16 21 12 25  5]
  [ 0 22 18 17 27  8 15 13  6  2 14  9 20 29 24  1 26  4 10 23 19 28  7   11  3 16 21 12 25  5]
  [ 0 22 18 17 27  8 15 13  6  2 14  9 20 29 24  1 26  4 10 23 19 28  7   11  3 16 21 12 25  5]
  [ 0 22 18 17 27  8 15 13  6  2 14  9 20 29 24  1 26  4 10 23 19 28  7   11  3 16 21 12 25  5]
  [ 0 22 18 17 27  8 15 13  6  2 14  9 20 29 24  1 26  4 10 23 19 28  7   11  3 16 21 12 25  5]]","[[18 21 22 39 12 35 38 17  3 26 34 27 20 23 28 11  1 24  8 32  6 15 30   33 13 37 31 16  2  4 25  9  0 10 14 19 36 29  5  7]
  [18 21 22 39 12 35 38 17  3 26 34 27 20 23 28 11  1 24  8 32  6 15 30   33 13 37 31 16  2  4 25  9  0 10 14 19 36 29  5  7]
  [18 21 22 39 12 35 38 17  3 26 34 27 20 23 28 11  1 24  8 32  6 15 30   33 13 37 31 16  2  4 25  9  0 10 14 19 36 29  5  7]
  [18 21 22 39 12 35 38 17  3 26 34 27 20 23 28 11  1 24  8 32  6 15 30   33 13 37 31 16  2  4 25  9  0 10 14 19 36 29  5  7]
  [18 21 22 39 12 35 38 17  3 26 34 27 20 23 28 11  1 24  8 32  6 15 30   33 13 37 31 16  2  4 25  9  0 10 14 19 36 29  5  7]
  [18 21 22 39 12 35 38 17  3 26 34 27 20 23 28  1 11 24  8 32  6 15 30   33 13 37 31 16  2  4 25  9  0 10 14 19 36 29  5  7]
  [18 21 22 39 12 35 38 17  3 26 34 27 20 23 28  1 11 24  8 32  6 15 30   33 13 37 31 16  2  4 25  9  0 10 14 19 36 29  5  7]
  [18 21 22 39 12 35 38 17  3 26 34 27 20 23 28  1 11 24  8 32  6 15 30   33 13 37 31 16  2  4 25  9  0 10 14 19 36 29  5  7]
  [18 21 22 39 12 35 38 17  3 26 34 27 20 23 28  1 11 24  8 32  6 15 30   33 13 37 31 16  2  4 25  9  0 10 14 19 36 29  5  7]
  [18 21 22 39 12 35 38 17  3 26 34 27 20 23 28  1 11 24  8 32  6 15 30   33 13 37 31 16  2  4 25  9  0 10 14 19 36 29  5  7]
  [18 21 22 39 12 35 38 17  3 26 34 27 20 23 28  1 11 24  8 32  6 15 30   33 13 37 31 16  2  4 25  9  0 10 14 19 36 29  5  7]
  [18 21 22 39 12 35 38 17  3 26 34 27 20 23 28  1 11 24  8 32  6 15 30   33 13 37 31 16  2  4 25  9  0 10 14 19 36 29  5  7]
  [18 21 22 39 12 35 38 17  3 26 34 27 20 23 28  1 11 24  8 32  6 15 30   33 13 37 31 16  2  4 25  9  0 10 14 19 36 29  5  7]
  [18 21 22 39 12 35 38 17  3 26 34 27 20 23 28  1 11 24  8 32  6 15 30   33 13 37 31 16  2  4 25  9  0 10 14 19 36 29  5  7]
  [18 21 22 39 12 35 38 17  3 26 34 27 20 23 28  1 11 24  8 32  6 15 30   33 13 37 31 16  2  4 25  9  0 10 14 19 36 29  5  7]]","[[11 13 12  1  3 25  7 32 18 17 28 26 15  2  9 37 39 19 38  4 36 27  5   23 24 33 29 21 16  8 10  0  6 14 35 34 20 30 22 31]
  [11 13 12  1  3 25  7 32 18 17 28 26 15  2  9 37 39 19 38  4 36 27  5   23 24 33 29 21 16  8 10  0  6 14 35 34 20 30 22 31]
  [11 13 12  1  3 25  7 32 18 17 28 26 15  2  9 37 39 19 38  4 36 27  5   23 24 33 29 21 16  8 10  0  6 14 35 34 20 30 22 31]
  [11 13 12  1  3 25  7 32 18 17 28 26 15  2  9 37 39 19 38  4 36 27  5   23 24 33 29 21 16  8 10  0  6 14 35 34 20 30 22 31]
  [11 13 12  1  3 25  7 32 18 17 28 26 15  2  9 37 39 19 38  4 36 27  5   23 24 33 29 21 16  8 10  0  6 14 35 34 20 30 22 31]
  [11 13 12  1  3 25  7 32 18 17 28 26 15  2  9 37 39 19 38  4 36 27  5   23 24 33 29 21 16  8 10  0  6 14 35 34 20 30 22 31]
  [11 13 12  1  3 25  7 32 18 17 28 26 15  2  9 37 39 19 38  4 36 27  5   23 24 33 29 21 16  8 10  0  6 14 35 34 20 30 22 31]
  [11 13 12  1  3 25  7 32 18 17 28 26 15  2  9 37 39 19 38  4 36 27  5   23 24 33 29 21 16  8 10  0  6 14 35 34 20 30 22 31]
  [11 13 12  1  3 25  7 32 18 17 28 26 15  2  9 37 39 19 38  4 36 27  5   23 24 33 29 21 16  8 10  0  6 14 35 34 20 30 22 31]
  [11 13 12  1  3 25  7 32 18 17 28 26 15  2  9 37 39 19 38  4 36 27  5   23 24 33 29 21 16  8 10  0  6 14 35 34 20 30 22 31]
  [11 13 12  1  3 25  7 32 18 17 28 26 15  2  9 37 39 19 38  4 36 27  5   23 24 33 29 21 16  8 10  0  6 14 35 34 20 22 30 31]
  [11 13 12  1  3 25  7 32 18 17 28 26 15  2  9 37 39 19 38  4 36 27  5   23 24 33 29 21 16  8 10  0  6 14 35 34 20 22 30 31]
  [11 13 12  1  3 25  7 32 18 17 28 26 15  2  9 37 39 19 38  4 36 27  5   23 24 33 29 21 16  8 10  0  6 14 35 34 20 22 30 31]
  [11 13 12  1  3 25  7 32 18 17 28 26 15  2  9 37 39 19 38  4 36 27  5   23 24 33 29 21 16  8 10  0  6 14 35 34 20 22 30 31]
  [11 13 12  1  3 25  7 32 18 17 28 26 15  2  9 37 39 19 38  4 36 27  5   23 24 33 29 21 16  8 10  0  6 14 35 34 20 22 30 31]]","[[ 0 28 29 38  1 35 17 11 33 19 13 14  6 18  4  7 34 23 22 30 31 27 21    8 36 37  9 10 24 20  5 16 15  3 39 25  2 26 12 32]
  [ 0 28 29 38  1 35 17 11 33 19 13 14  6 18  4  7 34 23 22 30 31 27 21    8 36 37  9 10 24 20  5 16 15  3 39 25  2 26 12 32]
  [ 0 28 29 38  1 35 17 11 33 19 13 14  6 18  4  7 34 23 22 30 31 27  8   21 36 37  9 10 24 20  5 16 15  3 39 25  2 26 12 32]
  [ 0 28 29 38  1 35 17 11 33 19 13 14  6 18  4  7 34 23 22 30 31 27  8   21 36 37  9 10 24 20  5 16 15  3 39 25  2 26 12 32]
  [ 0 28 29 38  1 35 17 11 33 19 13 14  6 18  4  7 34 23 22 30 31 27  8   21 36 37  9 10 24 20  5 16 15  3 39 25  2 26 12 32]
  [ 0 28 29 38  1 35 17 11 33 19 13 14  6 18  4  7 34 23 22 30 31 27  8   21 36 37  9 10 24 20  5 16 15  3 39 25  2 26 12 32]
  [ 0 28 29 38  1 35 17 11 33 19 13 14  6 18  4  7 34 23 22 30 31 27  8   21 36 37  9 10 24 20  5 16 15  3 39 25  2 26 12 32]
  [ 0 28 29 38  1 35 17 11 33 19 13 14  6 18  4  7 34 23 22 30 31 27  8   21 36 37  9 10 24 20  5 16 15  3 39 25  2 26 12 32]
  [ 0 28 29 38  1 35 17 11 33 19 13 14  6 18  4  7 34 23 22 30 31 27  8   21 36 37  9 10 24 20  5 16 15  3 39 25  2 26 12 32]
  [ 0 28 29 38  1 35 17 11 33 19 13 14  6 18  4  7 34 23 22 30 31 27  8   21 36 37  9 10 24 20  5 16 15  3 39 25  2 26 12 32]
  [ 0 28 29 38  1 35 17 11 33 19 13 14  6 18  4  7 34 23 22 30 31 27  8   21 36 37  9 10 24 20  5 16 15  3 39 25  2 26 12 32]
  [ 0 28 29 38  1 35 17 11 33 19 13 14  6 18  4  7 34 23 22 30 31 27  8   21 36 37  9 10 24 20  5 16 15  3 39 25  2 26 12 32]
  [ 0 28 29 38  1 35 17 11 33 19 13 14  6 18  4  7 34 23 22 30 31 27  8   21 36 37  9 10 24 20  5 16 15  3 39 25  2 26 12 32]
  [ 0 28 29 38  1 35 17 11 33 19 13 14  6 18  4  7 34 23 22 30 31 27  8   21 36 37  9 10 24 20  5 16 15  3 39 25  2 26 12 32]
  [ 0 28 29 38  1 35 17 11 33 19 13 14  6 18  4  7 34 23 22 30 31 27  8   21 36 37  9 10 24 20  5 16 15  3 39 25  2 26 12 32]]","[[39  6 24 10 16 26  9 23 15 22 38 12  0 19  5  7  8 28 37 25 30 17 35   31  4 34  2 33 32 13  3 18 21  1 36 27 14 29 11 20]
  [39  6 24 10 16 26  9 23 15 22 38 12  0 19  5  7  8 28 37 25 30 17 35   31  4 34  2 33 32 13  3 18 21  1 36 27 14 29 11 20]
  [39  6 24 10 16 26  9 23 15 22 38 12  0 19  5  7  8 28 37 25 30 17 35   31  4 34  2 33 32 13  3 18 21  1 36 27 14 29 11 20]
  [39  6 24 10 26  9 16 23 15 22 38 12  0 19  5  7  8 28 37 25 30 17 35   31  4 34  2 33 32 13  3 18 21  1 36 27 14 29 11 20]
  [39  6 24 10 26  9 16 23 15 22 38 12  0 19  5  7  8 28 37 25 30 17 35   31  4 34  2 33 32 13  3 18 21  1 36 27 14 29 11 20]
  [39  6 24 10 26  9 16 23 15 22 38 12  0 19  5  7  8 28 37 25 30 17 35   31  4 34  2 33 32 13  3 18 21  1 36 27 14 29 11 20]
  [39  6 24 10  9 26 16 23 15 22 38 12  0 19  5  7  8 28 37 25 30 17 35   31  4 34  2 33 32 13  3 18 21  1 36 27 14 29 11 20]
  [39  6 24 10  9 26 16 23 15 22 38 12  0 19  5  7  8 28 37 25 30 17 35   31  4 34  2 33 32 13  3 18 21  1 36 27 14 29 11 20]
  [39  6 24 10  9 26 16 23 15 22 38 12  0 19  5  7  8 28 37 25 30 17 35   31  4 34  2 33 32 13  3 18 21  1 36 27 14 29 11 20]
  [39  6 24 10  9 26 16 23 15 22 38 12  0 19  5  7  8 28 37 25 30 17 35   31  4 34  2 33 32 13  3 18 21  1 36 27 14 29 11 20]
  [39  6 24  9 26 16 10 23 15 22 38 12  0 19  5  7  8 28 37 25 30 17 35   31  4 34  2 33 32 13  3 18 21  1 36 27 14 29 11 20]
  [39  6 24  9 26 16 10 23 15 22 38 12  0 19  5  7  8 28 37 25 30 17 35   31  4 34  2 33 32 13  3 18 21  1 36 27 14 29 11 20]
  [39  6 24  9 26 16 10 23 15 22 38 12  0 19  5  7  8 28 37 25 30 17 35   31  4 34  2 33 32 13  3 18 21  1 36 14 27 29 11 20]
  [39  6 24  9 26 16 10 23 15 22 38 12  0 19  5  7  8 28 37 25 30 17 35   31  4 34  2 33 32 13  3 18 21  1 36 14 27 29 11 20]
  [39  6 24  9 26 16 10 23 15 22 38 12  0 19  5  7  8 28 37 25 30 17 35   31  4 34  2 33 32 13  3 18 21  1 36 14 27 29 11 20]]","[[20 30 34  3  7 19 22 35 27 12  0 13  1  9 36 24 10 11 23  6  4 17 15   32 33  2 38 21 29  5 18 31 28 16 39 37  8 26 14 25]
  [20 30 34  3  7 19 22 35 27 12  0 13  1  9 36 24 10 11 23  6  4 17 15   32 33  2 38 21 29  5 18 31 28 16 39 37  8 26 14 25]
  [20 30 34  3  7 19 22 35 27 12  0 13  1  9 36 24 10 11 23  6  4 17 15   32 33  2 38 21 29  5 18 31 28 16 39 37  8 26 14 25]
  [20 30 34  3  7 19 22 35 27 12  0 13  1  9 36 24 10 11 23  6  4 17 15   32 33  2 38 21 29  5 18 31 28 16 39 37  8 26 14 25]
  [20 30 34  3  7 19 22 35 27 12  0 13  1  9 36 24 10 11 23  6  4 17 15   32  2 33 38 21 29  5 18 31 28 16 39 37  8 26 14 25]
  [20 30 34  3  7 19 22 35 27 12  0 13  1  9 36 24 10 11 23  6  4 17 15   32  2 33 38 21 29  5 18 31 28 16 39 37  8 26 14 25]
  [20 30 34  3  7 19 22 35 27 12  0 13  1  9 36 24 10 11 23  6  4 17 15   32  2 33 38 21 29  5 18 31 16 28 39 37  8 26 14 25]
  [20 30 34  3  7 19 22 35 27 12  0 13  1  9 36 24 10 11 23  6  4 17 15   32  2 33 38 21 29  5 18 31 16 28 39 37  8 26 14 25]
  [20 30 34  3  7 19 22 35 27 12  0 13  1  9 36 24 10 11 23  6  4 17 15   32  2 33 38 21 29  5 18 31 16 28 39 37  8 26 14 25]
  [20 30 34  3  7 19 22 35 27 12  0 13  1  9 36 24 10 11 23  6  4 17 15   32  2 33 38 21 29  5 18 31 16 28 39 37  8 26 14 25]
  [20 30 34  3  7 19 22 35 27 12  0 13  1  9 36 24 10 11 23  6  4 17 15   32  2 33 38 21 29  5 18 31 16 28 39 37  8 26 14 25]
  [20 30 34  3  7 19 22 35 27 12  0 13  1  9 36 24 10 11 23  6  4 17 15   32  2 33 38 21 29  5 18 31 16 28 39 37  8 26 14 25]
  [20 30 34  3  7 19 22 35 27 12  0 13  1  9 36 24 10 11 23  6  4 17 15   32  2 33 38 21 29  5 18 31 16 28 39 37  8 26 14 25]
  [20 30 34  3  7 19 22 35 27 12  0 13  1  9 36 24 10 11 23  6  4 17 15   32  2 33 38 21 29  5 18 31 16 28 39 37  8 26 14 25]
  [20 30 34  3  7 19 22 35 27 12  0 13  1  9 36 24 10 11 23  6  4 17 15   32  2 33 38 21 29  5 18 31 16 28 39 37  8 26 14 25]]","[[19 18 23 20 11  9 35 12 31  0  6 39 16 29  1 10  4 13  5 28 37 22 21   24  3 14  7 32  2 36 15 33 34  8 26 17 38 30 27 25]
  [19 18 23 20 11  9 35 12 31  0  6 39 16 29  1 10  4 13  5 28 37 22 21   24  3 14  7 32  2 36 15 33 34  8 26 17 38 30 27 25]
  [19 18 23 20 11  9 35 12 31  0  6 39 16 29  1 10  4 13 28  5 37 22 21   24  3 14  7 32  2 36 15 33 34  8 26 17 38 30 27 25]
  [19 18 23 20 11  9 35 12 31  0  6 39 16 29  1 10  4 13 28  5 37 22 21   24  3 14  7 32  2 36 15 33 34  8 26 17 38 30 27 25]
  [19 18 23 20 11  9 35 12 31  0  6 39 16 29  1 10  4 13 28  5 37 22 24   21  3 14  7 32  2 36 15 33 34  8 26 17 38 30 27 25]
  [19 18 23 20 11  9 35 12 31  0  6 39 16 29  1 10  4 13 28  5 37 22 24   21  3 14  7 32  2 36 15 33 34  8 26 17 38 30 27 25]
  [19 18 23 20 11  9 35 12 31  0  6 39 16 29  1 10  4 13 28  5 37 22 24   21  3 14  7 32  2 36 15 33 34  8 26 17 38 30 27 25]
  [19 18 23 20 11  9 35 12 31  0  6 39 16 29  1 10  4 13 28  5 37 22 24   21  3 14  7 32  2 36 15 33 34  8 26 17 38 30 27 25]
  [19 18 23 20 11  9 35 12 31  0  6 39 16 29  1 10  4 13 28  5 37 22 24   21  3 14  7 32  2 36 15 33 34  8 26 17 38 30 27 25]
  [19 18 23 20 11  9 35 12 31  0  6 39 16 29  1 10  4 13 28  5 37 22 24   21  3 14  7 32  2 36 15 33 34  8 26 17 38 30 27 25]
  [19 18 23 20 11  9 35 12 31  0  6 39 16 29  1 10  4 13 28  5 37 22 24   21 14  3  7 32  2 36 15 33 34  8 26 17 38 30 27 25]
  [19 18 23 20 11  9 35 12 31  0  6 39 16 29  1 10  4 13 28  5 37 24 22   21 14  3  7 32  2 36 15 33 34  8 26 17 38 30 27 25]
  [19 18 23 20 11  9 35 12 31  0  6 39 16 29  1 10  4 13 28  5 37 24 22   21 14  3  7 32  2 36 15 33 34  8 26 17 38 30 27 25]
  [19 18 23 20 11  9 35 12 31  0  6 39 16 29  1 10  4 13 28  5 37 24 22   21 14  3  7 32  2 36 15 33 34  8 26 17 38 30 27 25]
  [19 18 23 20 11  9 35 12 31  0  6 39 16 29  1 10  4 13 28  5 37 24 22   21 14  3  7 32  2 36 15 33 34  8 26 17 38 30 27 25]
  [19 18 23 20 11  9 35 12 31  0  6 39 16 29  1 10  4 13 28  5 37 24 21   22 14  3  7 32  2 36 15 33 34  8 26 17 38 30 27 25]
  [19 18 23 20 11  9 35 12 31  0  6 39 16 29  1 10  4 13 28  5 37 24 21   22 14  3  7 32  2 36 15 33 34  8 26 17 38 30 27 25]
  [19 18 23 20 11  9 35 12 31  0  6 39 16 29  1 10  4 13 28  5 37 24 21   22 14  3  7 32  2 36 15 33 34  8 26 17 38 30 27 25]
  [19 18 23 20 11  9 35 12 31  0  6 39 16 29  1 10  4 13 28  5 37 24 21   22 14  3  7 32  2 36 15 33 34  8 26 17 38 30 27 25]
  [19 18 23 20 11  9 35 12 31  0  6 39 16 29  1 10  4 13 28  5 37 24 21   22 14  3  7 32  2 36 15 33 34  8 26 17 38 30 27 25]]","[[36  8 11  9  1 15 14  5 32 35 30 28  7  4  2 21 16 22 24 29 25 39 12    0 13 10 31 33 26 19 37 17  3 27  6 23 18 38 34 20]
  [36  8 11  9  1 15 14  5 32 35 30 28  7  4  2 21 16 22 24 29 25 39 12    0 13 10 31 33 26 19 37 17  3 27  6 23 18 38 34 20]
  [36  8 11  9  1 15 14  5 32 35 30 28  7  4  2 21 16 22 24 29 39 25 12    0 13 10 31 33 26 19 17 37 27  3  6 23 18 38 34 20]
  [36  8 11  9  1 15 14  5 32 35 30 28  7  4  2 21 16 22 24 29 39 12 25    0 13 10 31 33 26 19 17 37 27  3  6 23 18 38 34 20]
  [36  8 11  9  1 15 14  5 32 35 30 28  7  4  2 21 16 22 24 29 39 12 25    0 13 10 31 33 26 19 17 37 27  3  6 23 18 38 34 20]
  [36  8 11  9  1 15 14  5 32 35 30 28  7  4  2 21 16 22 24 29 39 12 25    0 13 10 31 33 26 19 17 37 27  3  6 23 18 38 34 20]
  [36  8 11  9  1 15 14  5 32 35 30 28  7  4  2 21 16 22 24 29 39 12 25    0 13 10 33 31 26 19 17 27 37  3  6 23 18 38 34 20]
  [36  8 11  9  1 15 14  5 32 35 30 28  7  4  2 21 16 22 24 29 39 12 25    0 13 10 33 31 26 19 17 27 37  3  6 23 18 38 34 20]
  [36  8 11  9  1 15 14  5 32 35 30 28  7  4  2 21 16 22 24 29 39 12 25    0 13 10 33 31 26 19 17 27 37  3  6 23 18 38 34 20]
  [36  8 11  9  1 15 14  5 32 35 30 28  7  4  2 21 16 22 24 29 39 12 25    0 13 10 33 31 26 19 17 27 37  3  6 23 18 38 34 20]
  [36  8 11  9  1 15 14  5 32 35 30 28  7  4  2 21 16 22 24 29 39 12 25    0 13 10 33 31 26 19 17 27 37  3  6 23 18 38 34 20]
  [36  8 11  9  1 15 14  5 32 35 30 28  7  4  2 21 16 22 24 29 39 12 25    0 13 10 33 31 26 19 17 27 37  3  6 23 18 38 34 20]
  [36  8 11  9  1 15 14  5 32 35 30 28  7  4  2 21 16 22 24 29 39 12 25    0 13 10 33 31 26 19 17 27 37  3  6 23 18 38 34 20]
  [36  8 11  9  1 15 14  5 32 35 30 28  7  4  2 21 16 22 24 29 39 12 25    0 13 10 33 31 26 19 17 27 37  3  6 23 18 38 34 20]
  [36  8 11  9  1 15 14  5 32 35 30 28  7  4  2 21 16 22 24 29 39 12 25    0 13 10 33 31 26 19 17 27 37  3  6 23 18 38 34 20]
  [36  8 11  9  1 15 14  5 32 35 30 28  7  4  2 21 16 22 24 29 39 12 25    0 13 10 33 31 26 19 17 27 37  3  6 23 18 38 34 20]
  [36  8 11  9  1 15 14  5 32 35 30 28  7  4  2 21 16 22 24 29 39 12 25    0 13 10 33 31 26 19 17 27 37  3  6 23 18 38 34 20]
  [36  8 11  9  1 15 14  5 32 35 30 28  7  4  2 21 16 22 24 29 39 12 25    0 13 10 33 31 26 19 17 27 37  3  6 23 18 38 34 20]
  [36  8 11  9  1 15 14  5 32 35 30 28  7  4  2 21 16 22 24 29 39 12 25    0 13 10 33 31 26 19 17 27 37  3  6 23 18 38 34 20]
  [36  8 11  9  1 15 14  5 32 35 30 28  7  4  2 21 16 22 24 29 39 12 25    0 13 10 33 31 26 17 27 19 37  3  6 23 18 38 34 20]]","[[33 15 10 31 26  3 13 18 21 36 29 12 37  6 39 14 20  5 19  7 17 35 25   30  1 22 32  0 34 16 38  2  9 11 28  4 27 24  8 23]
  [33 15 10 31 26  3 13 18 21 36 29 12 37  6 39 14 20  5 19  7 17 35 25   30  1 22 32  0 34 16 38  2  9 11 28  4 27 24  8 23]
  [33 15 10 31 26  3 13 18 21 36 29 12 37  6 39 14 20  5 19  7 17 35 25   30  1 22 32  0 34 16 38  2  9 11 28  4 27 24  8 23]
  [33 15 10 31 26  3 13 18 21 36 29 12 37  6 39 14 20  5 19  7 17 35 25   30  1 22 32  0 34 16 38  2  9 11 28  4 27 24  8 23]
  [33 15 10 31 26  3 13 18 21 36 29 12  6 37 39 14 20  5 19  7 17 35 25   30  1 22 32  0 34 16 38  2  9 11 28  4 27 24  8 23]
  [33 15 10 31 26  3 13 18 21 36 29 12  6 37 39 14 20  5 19  7 17 35 25   30  1 22 32  0 34 16 38  2  9 11 28  4 27 24  8 23]
  [33 15 10 31 26  3 13 18 21 36 29 12  6 37 39 14 20  5 19  7 17 35 25   30  1 22 32  0 34 16 38  2  9 11 28  4 27 24  8 23]
  [33 15 10 31 26  3 13 18 21 36 29 12  6 37 39 14 20  5 19  7 17 35 25   30  1 22 32  0 34 16 38  2  9 11 28  4 27 24  8 23]
  [33 15 10 31 26  3 13 18 21 36 29 12  6 37 39 14 20  5 19  7 17 35 25   30  1 22 32  0 34 16 38  2  9 11 28  4 27 24  8 23]
  [33 15 10 31 26  3 13 18 21 36 29 12  6 37 39 14 20  5 19  7 17 35 25   30  1 22 32  0 34 16 38  2  9 11 28  4 27 24  8 23]
  [33 15 10 31 26  3 13 18 21 36 29 12  6 37 39 14 20  5 19  7 17 35 25   30  1 22 32  0 34 16 38  2  9 11 28  4 27 24  8 23]
  [33 15 10 31 26  3 13 18 21 36 29 12  6 37 39 14 20  5 19  7 17 35 25   30  1 22 32  0 34 16 38  2  9 11 28  4 27 24  8 23]
  [33 15 10 31 26  3 13 18 21 36 29 12  6 37 39 14 20  5 19  7 17 35 25   30  1 22 32  0 34 16 38  2  9 11 28  4 27 24  8 23]
  [33 15 10 31 26  3 13 18 21 36 29 12  6 37 39 14 20  5 19  7 17 35 25   30  1 22 32  0 34 16 38  2  9 11 28  4 27 24  8 23]
  [33 15 10 31 26  3 13 18 21 36 29 12  6 37 39 14 20  5 19  7 17 35 25   30  1 22 32  0 34 16 38  2  9 11 28  4 27 24  8 23]
  [33 15 10 31 26  3 13 18 21 36 29 12  6 37 39 14 20  5 19  7 17 35 25   30  1 22 32  0 34 16 38  2  9 11 28  4 27 24  8 23]
  [33 15 10 31 26  3 13 18 21 36 29 12  6 37 39 14 20  5 19  7 17 35 25   30  1 22 32  0 34 16 38  2  9 11 28  4 27 24  8 23]
  [33 15 10 31 26  3 13 18 21 36 29 12  6 37 39 14 20  5 19  7 17 35 25   30  1 22 32  0 34 16 38  2  9 11 28  4 27 24  8 23]
  [33 15 10 31 26  3 13 18 21 36 29 12  6 37 39 14 20  5 19  7 17 35 25   30  1 22 32  0 34 16 38  2  9 11 28  4 27 24  8 23]
  [33 15 10 31 26  3 13 18 21 36 29 12  6 37 39 14 20  5 19  7 17 35 25   30  1 22 32  0 34 16 38  2  9 11 28  4 27 24  8 23]]","[[ 0 16 31 39 34 18  7 28 26 13 38 32 21 37 10 22 17  8  2 11  4 12 14   29 30 15 25 27  3  6  5 19 20  1 33 35 24 36  9 23]
  [ 0 16 31 39 34 18  7 28 26 13 38 32 21 37 10 22 17  8  2 11  4 12 14   29 30 15 25 27  3  6  5 19 20  1 33 35 24 36  9 23]
  [ 0 16 31 39 34 18  7 28 26 13 38 32 21 37 10 22 17  8  2 11  4 12 14   29 30 15 25 27  3  6  5 19 20  1 33 35 24 36  9 23]
  [ 0 16 31 39 34 18  7 28 26 13 38 32 21 37 10 22 17  8  2 11  4 12 14   29 30 15 25 27  3  6  5 19 20  1 33 35 24 36  9 23]
  [ 0 16 31 39 34 18  7 28 26 13 38 32 21 37 10 22 17  8  2 11  4 12 14   29 30 15 25 27  3  6  5 19 20  1 33 35 24 36  9 23]
  [ 0 16 31 39 34 18  7 28 26 13 38 32 21 37 10 22 17  8  2 11  4 12 14   29 30 15 25 27  3  6  5 19 20  1 33 35 24 36  9 23]
  [ 0 16 31 39 34 18  7 28 26 13 38 32 21 37 10 22 17  8  2 11  4 12 14   29 30 15 25 27  3  6  5 19 20  1 33 35 24 36  9 23]
  [ 0 16 31 39 34 18  7 28 26 13 38 32 21 37 10 22 17  8  2 11  4 12 14   29 30 15 25 27  3  6  5 19 20  1 33 35 24 36  9 23]
  [ 0 16 31 39 34 18  7 28 26 13 38 32 21 37 10 22 17  8  2 11  4 12 14   29 30 15 25 27  3  6  5 19 20  1 33 35 24 36  9 23]
  [ 0 16 31 39 34 18  7 28 26 13 38 32 21 37 10 22 17  8  2 11  4 12 14   29 30 15 25 27  3  6  5 19 20  1 33 35 24 36  9 23]
  [ 0 16 31 39 34 18  7 28 26 13 38 32 21 37 10 22 17  8  2 11  4 12 14   29 30 15 25 27  3  6  5 19 20  1 33 35 24 36  9 23]
  [ 0 16 31 39 34 18  7 28 26 13 38 32 21 37 10 22 17  8  2 11  4 12 14   29 30 15 25 27  3  6  5 19 20  1 33 35 24 36  9 23]
  [ 0 16 31 39 34 18  7 28 26 13 38 32 21 37 10 22 17  8  2 11  4 12 14   29 30 15 25 27  3  6  5 19 20  1 33 35 24 36  9 23]
  [ 0 16 31 39 34 18  7 28 26 13 38 32 21 37 10 22 17  8  2 11  4 12 14   29 30 15 25 27  3  6  5 19 20  1 33 35 24 36  9 23]
  [ 0 16 31 39 34 18  7 28 26 13 38 32 21 37 10 22 17  8  2 11  4 12 14   29 30 15 25 27  3  6  5 19 20  1 33 35 24 36  9 23]
  [ 0 16 31 39 34 18  7 28 26 13 38 32 21 37 10 22 17  8  2 11  4 12 14   29 30 15 25 27  3  6  5 19 20  1 33 35 24 36  9 23]
  [ 0 16 31 39 34 18  7 28 26 13 38 32 21 37 10 22 17  8  2 11  4 12 14   29 30 15 25 27  3  6  5 19 20  1 33 35 24 36  9 23]
  [ 0 16 31 39 34 18  7 28 26 13 38 32 21 37 10 22 17  8  2 11  4 12 14   29 30 15 25 27  3  6  5 19 20  1 33 35 24 36  9 23]
  [ 0 16 31 39 34 18  7 28 26 13 38 32 21 37 10 22 17  8  2 11  4 12 14   29 30 15 25 27  3  6  5 19 20  1 33 35 24 36  9 23]
  [ 0 16 31 39 34 18  7 28 26 13 38 32 21 37 10 22 17  8  2 11  4 12 14   29 30 15 25 27  3  6  5 19 20  1 33 35 24 36  9 23]]","[[ 4  5 25  7  2 10 16 28 36 33 26 20 22 12  3  0 31  1 18 38 15  6 19   24 11  9 17 32 34 29 39 13 27  8 30 14 23 35 37 21]
  [ 4  5 25  7  2 10 16 28 36 33 26 20 22 12  3  0 31  1 18 38 15  6 19   24 11  9 17 32 34 29 39 13 27  8 30 14 23 35 37 21]
  [ 4  5  7 25  2 10 16 28 36 33 26 20 22 12  3  0 31  1 18 38 15  6 19   24 11  9 17 32 34 29 39 13 27 30 14 23  8 35 37 21]
  [ 4  5  7 25  2 10 16 28 36 33 26 20 22 12  3  0 31  1 18 38 15  6 19   24 11  9 17 32 34 29 39 13 27 14 30 23  8 35 37 21]
  [ 4  5  7 25  2 10 16 28 36 26 33 20 22 12  3  0 31  1 18 38 15  6 19   24 11  9 17 32 34 29 39 13 27 14 30 23  8 35 37 21]
  [ 4  5  7 25  2 16 10 36 28 26 20 22 33 12  3  0 31  1 18 38 15  6 19   24 11  9 17 32 34 29 39 13 27 14 30 23  8 35 37 21]
  [ 4  5  7 25  2 16 10 36 28 26 20 22 33 12  3  0 31  1 18 38 15  6 19   24 11  9 17 32 34 29 39 13 27 14 30 23  8 35 37 21]
  [ 4  5  7 25  2 16 10 36 28 26 20 22 33 12  3  0 31  1 18 38 15  6 19   24 11  9 17 32 34 29 39 13 27 14 30 23  8 35 37 21]
  [ 4  5  7 25  2 16 10 36 28 26 20 22 12 33  3  0 31  1 18 38 15  6 19   24 11  9 17 32 34 29 39 13 27 14 30 23  8 35 37 21]
  [ 4  5  7 25  2 16 10 36 28 26 20 22 12 33  3  0 31  1 18 38 15  6 19   24 11  9 17 32 34 29 39 13 27 14 30 23  8 35 37 21]
  [ 4  5  7 25  2 16 10 36 28 26 20 22 12 33  3  0 31  1 18 38 15  6 19   24 11  9 17 32 34 29 39 13 27 14 30 23  8 35 37 21]
  [ 4  5  7 25  2 16 10 36 28 26 20 22 12 33  3  0 31  1 18 38 15  6 19   24 11  9 17 32 34 29 39 13 27 14 30 23  8 35 37 21]
  [ 4  5  7 25  2 16 10 36 28 26 20 22 12 33  3  0 31  1 18 38 15  6 19   24 11  9 17 32 34 29 39 13 27 14 30 23  8 35 37 21]
  [ 4  5  7 25  2 16 10 36 26 28 20 22 12 33  3  0 31  1 18 38 15  6 19   24 11  9 17 32 34 29 39 13 27 14 30 23  8 35 37 21]
  [ 4  5  7 25  2 16 10 26 36 28 20 22 12 33  3  0 31  1 18 38 15  6 19   24 11  9 17 32 34 29 39 13 27 14 30 23  8 35 37 21]
  [ 4  5  7 25  2 16 10 26 36 28 20 22 12 33  3  0 31  1 18 38 15  6 19   24 11  9 17 32 34 29 39 13 27 14 23 30  8 35 37 21]
  [ 4  5  7 25  2 16 10 26 36 28 20 22 12 33  3  0 31  1 18 38 15  6 19   24 11  9 17 32 34 29 39 13 27 14 23 30  8 35 37 21]
  [ 4  5  7 25  2 16 10 26 36 28 20 22 12 33  3  0 31  1 18 38 15  6 19   24 11  9 17 32 34 29 39 13 27 14 23 30  8 35 37 21]
  [ 4  5  7 25  2 16 10 26 36 28 20 22 12 33  3  0 31  1 18 38 15  6 19   24 11  9 17 32 34 29 39 13 27 14 23 30  8 35 37 21]
  [ 4  5  7 25  2 16 10 26 36 28 20 22 12 33  3  0 31  1 18 38 15  6 19   24 11  9 17 32 34 29 39 13 27 14 23 30  8 35 37 21]]","[[28  1 17 49  0  6 36 29 15 13  9 46 11 42 20 14 39  2  8 10 16 30 19   21 43 35  4 41 33 47 38 37 34 26 12 18 24 40 32  5 23 22  3 31 27 45    7 25 44 48]
  [28  1 17 49  0  6 36 29 15 13  9 46 11 42 20 14 39  2  8 10 16 30 19   21 43 35  4 41 33 47 38 37 34 26 12 18 24 40 32  5 23 22  3 31 27 45    7 25 44 48]
  [28  1 17 49  0  6 36 29 15 13  9 46 11 42 20 14  2  8 39 10 16 30 19   21 43 35  4 41 33 47 38 37 34 26 12 18 24 40 32  5 23 22  3 31 27 45    7 25 44 48]
  [28  1 17 49  0  6 36 29 15 13  9 46 11 42 20 14  8  2 39 16 10 30 19   21 43 35  4 41 33 47 38 37 34 26 12 18 24 40 32  5 23 22  3 31 27 45    7 25 44 48]
  [28  1 17 49  0  6 36 29 15 13  9 46 11 42 20 14  8  2 39 16 10 30 19   21 43 35  4 41 33 47 38 37 34 26 12 18 24 40 32  5 23 22  3 31 27 45    7 25 44 48]
  [28  1 17 49  0  6 36 29 15 13  9 46 11 42 20 14  8  2 16 10 39 19 30   21 43 35  4 41 33 47 38 37 34 26 12 18 24 40 32  5 23 22  3 31 27 45    7 25 44 48]
  [28  1 17 49  0  6 36 29 15 13  9 46 11 42 20 14  8 16  2 10 39 19 30   21 43 35  4 41 33 47 38 37 34 26 12 18 24 40 32  5 23 22  3 31 27 45    7 25 44 48]
  [28  1 17 49  0  6 36 29 15 13  9 46 11 42 20 14 16  8  2 10 39 19 30   21 43 35  4 41 33 47 38 37 34 26 12 18 24 40 32  5 23 22  3 31 27 45    7 25 44 48]
  [28  1 17 49  0  6 36 29 15 13  9 46 11 42 20 14 16  8 10  2 39 19 30   21 43 35  4 41 33 47 38 37 34 26 12 18 24 40 32  5 23 22  3 31 27 45    7 25 44 48]
  [28  1 17 49  0  6 36 29 15 13  9 46 11 42 20 14 16  8 10  2 39 19 30   21 43 35  4 41 33 47 38 37 34 26 12 18 24 40 32  5 23 22  3 31 27 45    7 25 44 48]
  [28  1 17 49  0  6 36 29 15 13  9 46 11 42 20 14 16  8 10  2 39 19 30   21 43 35  4 41 33 47 38 37 34 26 12 18 24 40 32  5 23 22  3 31 27 45    7 25 44 48]
  [28  1 17 49  0  6 36 29 15 13  9 46 11 42 20 14 16 10  8  2 39 19 30   21 43 35  4 41 33 47 38 37 34 26 12 18 24 40 32  5 23 22  3 31 27 45    7 25 44 48]
  [28  1 17 49  0  6 36 29 15 13  9 46 11 42 20 14 16 10  8  2 39 19 30   21 43 35  4 41 33 47 38 37 34 26 12 18 24 40 32  5 23 22  3 31 27 45    7 25 44 48]
  [28  1 17 49  0  6 36 29 15 13  9 46 11 42 20 14 16 10  8  2 39 19 30   21 43 35  4 41 33 47 38 37 34 26 12 18 24 40 32  5 23 22  3 31 27 45    7 25 44 48]
  [28  1 17 49  0  6 36 29 15 13  9 46 11 42 20 14 16 10  8  2 39 19 30   21 43 35  4 41 33 47 38 37 34 26 12 18 24 40 32  5 23 22  3 31 27 45    7 25 44 48]]","[[32  4 26 11 17 45  9  5 25 28 39 19 42 27  3 43 37  0 36 13 22 33 21   16 38 30  6 48  8 20  7 49 10  2 12 44 46  1 29 15 18 47 34 14 41 31   35 40 24 23]
  [32  4 26 11 17 45  9  5 25 28 39 19 42 27  3 43 37  0 36 13 22 33 21   16 38 30  6 48  8 20  7 49 10  2 12 44 46  1 29 15 18 47 34 14 41 31   35 40 24 23]
  [32  4 26 11 17 45  9  5 25 28 39 19 42 27  3 43 37  0 36 13 22 33 21   16 38 30  6 48  8 20  7 49 10  2 12 44 46  1 29 15 18 47 34 14 41 31   35 40 24 23]
  [32  4 26 11 17 45  9  5 25 28 39 19 42 27  3 43 37  0 36 13 22 33 21   16 38 30  6 48  8 20  7 49 10  2 12 44 46  1 29 15 18 47 34 14 41 31   35 40 24 23]
  [32  4 26 11 17 45  9  5 25 28 39 19 42 27  3 43 37  0 36 13 22 33 21   16 38 30  6 48  8 20  7 49 10  2 12 44 46  1 29 15 18 47 34 14 41 31   35 40 24 23]
  [32  4 26 11 17 45  9  5 25 28 39 19 42 27  3 43 37  0 36 13 22 33 21   16 38 30  6 48  8 20  7 49 10  2 12 44 46  1 29 15 18 47 34 14 41 31   35 40 24 23]
  [32  4 26 11 17 45  9  5 25 28 39 19 42 27  3 43 37  0 36 13 22 33 21   16 38 30  6 48  8 20  7 49 10  2 12 44 46  1 29 15 18 47 34 14 41 31   35 40 24 23]
  [32  4 26 11 17 45  9  5 25 28 39 19 42 27  3 43 37  0 36 13 22 33 21   16 38 30  6 48  8 20  7 49 10  2 12 44 46  1 29 15 18 47 34 14 41 31   35 40 24 23]
  [32  4 26 11 17 45  9  5 25 28 39 19 42 27  3 43 37  0 36 13 22 33 21   16 38 30  6 48  8 20  7 49 10  2 12 44 46  1 29 15 18 47 34 14 41 31   35 40 24 23]
  [32  4 26 11 17 45  9  5 25 28 39 19 42 27  3 43 37  0 36 13 22 33 21   16 38 30  6 48  8 20  7 49 10  2 12 44 46  1 29 15 18 47 34 14 41 31   35 40 24 23]
  [32  4 26 11 17 45  9  5 25 28 39 19 42 27  3 43 37  0 36 13 22 33 21   16 38 30  6 48  8 20  7 49 10  2 12 44 46  1 29 15 18 47 34 14 41 31   35 40 24 23]
  [32  4 26 11 17 45  9  5 25 28 39 19 42 27  3 43 37  0 36 13 22 33 21   16 38 30  6 48  8 20  7 49 10  2 12 44 46  1 29 15 18 47 34 14 41 31   35 40 24 23]
  [32  4 26 11 17 45  9  5 25 28 39 19 42 27  3 43 37  0 36 13 22 33 21   16 38 30  6 48  8 20  7 49 10  2 12 44 46  1 29 15 18 47 34 14 41 31   35 40 24 23]
  [32  4 26 11 17 45  9  5 25 28 39 19 42 27  3 43 37  0 36 13 22 33 21   16 38 30  6 48  8 20  7 49 10  2 12 44 46  1 29 15 18 47 34 14 41 31   35 40 24 23]
  [32  4 26 11 17 45  9  5 25 28 39 19 42 27  3 43 37  0 36 13 22 33 21   16 38 30  6 48  8 20  7 49 10  2 12 44 46  1 29 15 18 47 34 14 41 31   35 40 24 23]]","[[49 22 48 47 16 44 39 27 15 35 24  2 25 36 31  6 11 40  5 41 20  8 17   37 21 34  7 45 32 42  4  0 29 14 19 13 30  3 18 26 46 38  1 10 28 43    9 23 12 33]
  [49 22 48 47 16 44 39 27 15 35 24  2 25 36 31  6 11 40  5 41 20  8 17   37 21 34  7 45 32 42  4  0 29 14 19 13 30  3 18 26 46 38  1 10 28 43    9 23 12 33]
  [49 22 48 47 16 44 39 27 15 35 24  2 25 36 31  6 11 40  5 41 20  8 17   37 21 34  7 45 32  4 42  0 29 14 19 13 30  3 18 46 26 38  1 10 28 43    9 23 12 33]
  [49 22 48 47 16 44 39 27 15 35 24  2 25 36 31  6 11 40  5 41 20  8 17   37 21 34  7 45 32  4 42  0 29 14 19 13 30  3 18 46 26 38  1 10 28 43    9 23 12 33]
  [49 22 48 47 16 44 39 27 15 35 24  2 25 36 31  6 11 40  5 41 20  8 17   37 34 21  7 45 32  4 42  0 29 14 19 13 30  3 18 46 26 38  1 10 28 43    9 23 12 33]
  [49 22 48 47 16 44 39 27 15 35 24  2 25 36 31  6 11 40  5 41 20  8 17   37 34 21  7 45 32  4 42  0 29 14 19 13 30  3 18 46 26 38  1 10 28 43    9 23 12 33]
  [49 22 48 47 16 44 39 27 15 35 24  2 25 36 31  6 11 40  5 41 20  8 17   37 34 21  7 45 32  4 42  0 29 14 19 13  3 30 18 46 26 38  1 10 28 43    9 23 12 33]
  [49 22 48 47 16 44 39 27 15 35 24  2 25 36 31  6 11 40  5 41 20  8 17   37 34 21  7 45 32  4 42  0 29 14 19 13  3 30 18 46 26 38  1 10 28 43    9 23 12 33]
  [49 22 48 47 16 44 39 27 15 35 24  2 25 36 31  6 11 40  5 41 20  8 17   37 34 21  7 45 32  4 42  0 29 14 19 13  3 30 18 46 26 38  1 10 28 43    9 23 12 33]
  [49 22 48 47 16 44 39 27 15 35 24  2 25 36 31  6 11 40  5 41 20  8 17   37 34 21  7 45 32  4 42  0 29 14 19 13  3 30 18 46 26 38  1 10 28 43    9 23 12 33]
  [49 22 48 47 16 44 39 27 15 35 24  2 25 36 31  6 11 40  5 41 20  8 17   37 34 21  7 45 32  4 42  0 29 14 19 13  3 30 18 46 26 38  1 10 28 43    9 23 12 33]
  [49 22 48 47 16 44 39 27 15 35 24  2 25 36 31  6 11 40  5 41 20  8 17   37 34 21  7 45 32  4 42  0 29 14 19 13  3 30 18 46 26 38  1 10 28 43    9 23 12 33]
  [49 22 48 47 16 44 39 27 15 35 24  2 25 36 31  6 11 40  5 41 20  8 17   37 34 21  7 45 32  4 42  0 29 14 19 13  3 30 18 46 26 38  1 10 28 43    9 23 12 33]
  [49 22 48 47 16 44 39 27 15 35 24  2 25 36 31  6 11 40  5 41 20  8 17   37 34 21  7 45 32  4 42  0 29 14 19 13  3 30 18 46 26 38  1 10 28 43    9 23 12 33]
  [49 22 48 47 16 44 39 27 15 35 24  2 25 36 31  6 11 40  5 41 20  8 17   37 34 21  7 45 32  4 42  0 29 14 19 13  3 30 18 46 26 38  1 10 28 43    9 23 12 33]]","[[ 6 36  0 20 15 32 13 37 11 34 10 29 31 43 23  3 18 45 27 24 17 38  4    5 41  2 28 14  8 48 22  7 46 39 21 26 44 12 49 16 42 35 19 30  9  1   25 40 33 47]
  [ 6 36  0 20 15 32 13 37 11 34 10 29 31 43 23  3 18 45 27 24 17 38  4    5 41  2 28 14  8 48 22  7 46 39 21 26 44 12 49 16 42 35 19 30  9  1   25 40 33 47]
  [ 6 36  0 20 15 32 13 37 11 34 10 29 31 43 23  3 18 45 27 24 17 38  4    5 41  2 28 14  8 48 22  7 46 39 21 26 44 12 49 16 42 35 19 30  9  1   25 40 33 47]
  [ 6 36  0 20 15 32 13 37 11 34 10 29 31 43 23  3 18 45 27 24 17 38  4    5 41  2 28 14  8 48 22  7 46 39 21 26 44 12 49 16 42 35 19 30  9  1   25 40 33 47]
  [ 6 36  0 20 15 32 13 37 11 34 10 29 31 43 23  3 18 45 27 24 17 38  4    5 41  2 28 14  8 48 22  7 46 39 21 26 44 12 49 16 42 35 19 30  9  1   25 40 33 47]
  [ 6 36  0 20 15 32 13 37 11 34 10 29 31 43 23  3 18 45 27 24 17 38  4    5 41  2 28 14  8 48 22  7 46 39 21 26 44 12 49 16 42 35 19 30  9  1   25 40 33 47]
  [ 6 36  0 20 15 32 13 37 11 34 10 29 31 43 23  3 18 45 27 24 17 38  4    5 41  2 28 14  8 48 22  7 46 39 21 26 44 12 49 16 42 35 19 30  9  1   25 40 33 47]
  [ 6 36  0 20 15 32 13 37 11 34 10 29 31 43 23  3 18 45 27 24 17 38  4    5 41  2 28 14  8 48 22  7 46 39 21 26 44 12 49 16 42 35 19 30  9  1   25 40 33 47]
  [ 6 36  0 20 15 32 13 37 11 34 10 29 31 43 23  3 18 45 27 24 17 38  4    5 41  2 28 14  8 48 22  7 46 39 21 26 44 12 49 16 42 35 19 30  9  1   25 40 33 47]
  [ 6 36  0 20 15 32 13 37 11 34 10 29 31 43 23  3 18 45 27 24 17 38  4    5 41  2 28 14  8 48 22  7 46 39 21 26 44 12 49 16 42 35 19 30  9  1   25 40 33 47]
  [ 6 36  0 20 15 32 13 37 11 34 10 29 31 43 23  3 18 45 27 24 17 38  4    5 41  2 28 14  8 48 22  7 46 39 21 26 44 12 49 16 42 35 19 30  9  1   25 40 33 47]
  [ 6 36  0 20 15 32 13 37 11 34 10 29 31 43 23  3 18 45 27 24 17 38  4    5 41  2 28 14  8 48 22  7 46 39 21 26 44 12 49 16 42 35 19 30  9  1   25 40 33 47]
  [ 6 36  0 20 15 32 13 37 11 34 10 29 31 43 23  3 18 45 27 24 17 38  4    5 41  2 28 14  8 48 22  7 46 39 21 26 44 12 49 16 42 35 19 30  9  1   25 40 33 47]
  [ 6 36  0 20 15 32 13 37 11 34 10 29 31 43 23  3 18 45 27 24 17 38  4    5 41  2 28 14  8 48 22  7 46 39 21 26 44 12 49 16 42 35 19 30  9  1   25 40 33 47]
  [ 6 36  0 20 15 32 13 37 11 34 10 29 31 43 23  3 18 45 27 24 17 38  4    5 41  2 28 14  8 48 22  7 46 39 21 26 44 12 49 16 42 35 19 30  9  1   25 40 33 47]]","[[ 0 41  2 29 24 19 21  8 46 10 40 13 34 36 26 47 25 18  1 20  5 35 37   39 45 30 14  6 27 31 15 28 17 44 32 12 49 48 43  7 16  4 11 42 23  9   33 22  3 38]
  [ 0 41  2 29 24 19 21  8 46 10 40 13 34 36 26 47 25 18  1 20  5 35 37   39 45 30 14  6 27 31 15 28 17 44 32 12 49 48 43  7 16  4 11 42 23  9   33 22  3 38]
  [ 0 41  2 29 24 19 21  8 46 10 40 13 34 36 26 47 25 18  1 20  5 35 37   39 45 30 14  6 27 31 15 28 17 44 32 12 49 48 43  7 16  4 11 42 23  9   33 22  3 38]
  [ 0 41  2 29 24 19 21  8 46 10 40 13 34 36 26 47 25 18  1 20  5 35 37   39 45 30 14  6 27 31 15 28 17 44 32 12 49 48 43  7 16  4 11 42 23  9   33 22  3 38]
  [ 0 41  2 29 24 19 21  8 46 10 40 13 34 36 26 47 25 18  1 20  5 35 37   39 45 30 14  6 27 31 15 28 17 44 32 12 49 48 43  7 16  4 11 42 23  9   33 22  3 38]
  [ 0 41  2 29 24 19 21  8 46 10 40 13 34 36 26 47 25 18  1 20  5 35 37   39 45 30 14  6 27 31 15 28 17 44 32 12 49 48 43  7 16  4 11 42 23  9   33 22  3 38]
  [ 0 41  2 29 24 19 21  8 46 10 40 13 34 36 26 47 25 18  1 20  5 35 37   39 45 30 14  6 27 31 15 28 17 44 32 12 49 48 43  7 16  4 11 42 23  9   33 22  3 38]
  [ 0 41  2 29 24 19 21  8 46 10 40 13 34 36 26 47 25 18  1 20  5 35 37   39 45 30 14  6 27 31 15 28 17 44 32 12 49 48 43  7 16  4 11 42 23  9   33 22  3 38]
  [ 0 41  2 29 24 19 21  8 46 10 40 13 34 36 26 47 25 18  1 20  5 35 37   39 45 30 14  6 27 31 15 28 17 44 32 12 49 48 43  7 16  4 11 42 23  9   33 22  3 38]
  [ 0 41  2 29 24 19 21  8 46 10 40 13 34 36 26 47 25 18  1 20  5 35 37   39 45 30 14  6 27 31 15 28 17 44 32 12 49 48 43  7 16  4 11 42 23  9   33 22  3 38]
  [ 0 41  2 29 24 19 21  8 46 10 40 13 34 36 26 47 25 18  1 20  5 35 37   39 45 30 14  6 27 31 15 28 17 44 32 12 49 48 43  7 16  4 11 42 23  9   33 22  3 38]
  [ 0 41  2 29 24 19 21  8 46 10 40 13 34 36 26 47 25 18  1 20  5 35 37   39 45 30 14  6 27 31 15 28 17 44 32 12 49 48 43  7 16  4 11 42 23  9   33 22  3 38]
  [ 0 41  2 29 24 19 21  8 46 10 40 13 34 36 26 47 25 18  1 20  5 35 37   39 45 30 14  6 27 31 15 28 17 44 32 12 49 48 43  7 16  4 11 42 23  9   33 22  3 38]
  [ 0 41  2 29 24 19 21  8 46 10 40 13 34 36 26 47 25 18  1 20  5 35 37   39 45 30 14  6 27 31 15 28 17 44 32 12 49 48 43  7 16  4 11 42 23  9   33 22  3 38]
  [ 0 41  2 29 24 19 21  8 46 10 40 13 34 36 26 47 25 18  1 20  5 35 37   39 45 30 14  6 27 31 15 28 17 44 32 12 49 48 43  7 16  4 11 42 23  9   33 22  3 38]]","[[41 31 44 23 40 14 10 22 46 38 47  4 36  6 42 33 19 12 43 30  8 18 11   20 32  5 45  1  2 39  3 29 48  9  0 15 27 21 26 25  7 13 17 16 24 49   35 34 37 28]
  [41 31 44 23 40 14 10 22 46 38 47  4 36  6 42 33 19 12 43 30  8 18 11   20 32  5 45  1  2 39  3 29 48  9  0 15 27 21 26 25  7 13 17 16 24 49   35 34 37 28]
  [41 31 44 23 40 14 10 22 46 38 47  4 36  6 42 33 19 12 43 30  8 18 11   20 32  5 45  1  2 39  3 29 48  9  0 15 27 21 26 25  7 13 17 16 24 49   35 34 37 28]
  [41 31 44 23 40 14 10 22 46 38 47  4 36  6 42 33 19 12 43 30  8 18 11   20 32  5 45  1  2 39  3 29 48  9  0 15 27 21 26 25  7 13 17 16 24 49   35 34 37 28]
  [41 31 44 23 40 14 10 22 46 38 47  4 36  6 42 33 19 12 43 30  8 18 11   20 32  5 45  1  2 39  3 29 48  9  0 15 27 21 26 25  7 13 17 16 24 49   35 34 37 28]
  [41 31 44 23 40 14 10 22 46 38 47  4 36  6 42 33 19 12 43 30  8 18 11   20 32  5 45  1  2 39  3 29 48  9  0 15 27 21 26 25  7 13 17 16 24 49   35 34 37 28]
  [41 31 44 23 40 14 10 22 46 38 47  4 36  6 42 33 19 12 43 30  8 18 11   20 32  5 45  1  2 39  3 29 48  9  0 15 27 21 26 25  7 13 17 16 24 49   35 34 37 28]
  [41 31 44 23 40 14 10 22 46 38 47  4 36  6 42 33 19 12 43 30  8 18 11   20 32  5 45  1  2 39  3 29 48  9  0 15 27 21 26 25  7 13 17 16 24 49   35 34 37 28]
  [41 31 44 23 40 14 10 22 46 38 47  4 36  6 42 33 19 12 43 30  8 18 11   20 32  5 45  1  2 39  3 29 48  9  0 15 27 21 26 25  7 13 17 16 24 49   35 34 37 28]
  [41 31 44 23 40 14 10 22 46 38 47  4 36  6 42 33 19 12 43 30  8 18 11   20 32  5 45  1  2 39  3 29 48  9  0 15 27 21 26 25  7 13 17 16 24 49   35 34 37 28]
  [41 31 44 23 40 14 10 22 46 38 47  4 36  6 42 33 19 12 43 30  8 18 11   20 32  5 45  1  2 39  3 29 48  9  0 15 27 21 26 25  7 13 17 16 24 49   35 34 37 28]
  [41 31 44 23 40 14 10 22 46 38 47  4 36  6 42 33 19 12 43 30  8 18 11   20 32  5 45  1  2 39  3 29 48  9  0 15 27 21 26 25  7 13 17 16 24 49   35 34 37 28]
  [41 31 44 23 40 14 10 22 46 38 47  4 36  6 42 33 19 12 43 30  8 18 11   20 32  5 45  1  2 39  3 29 48  9  0 15 27 21 26 25  7 13 17 16 24 49   35 34 37 28]
  [41 31 44 23 40 14 10 22 46 38 47  4 36  6 42 33 19 12 43 30  8 18 11   20 32  5 45  1  2 39  3 29 48  9  0 15 27 21 26 25  7 13 17 16 24 49   35 34 37 28]
  [41 31 44 23 40 14 10 22 46 38 47  4 36  6 42 33 19 12 43 30  8 18 11   20 32  5 45  1  2 39  3 29 48  9  0 15 27 21 26 25  7 13 17 16 24 49   35 34 37 28]
  [41 31 44 23 40 14 10 22 46 38 47  4 36  6 42 33 19 12 43 30  8 18 11   20 32  5 45  1  2 39  3 29 48  9  0 15 27 21 26 25  7 13 17 16 24 49   35 34 37 28]
  [41 31 44 23 40 14 10 22 46 38 47  4 36  6 42 33 19 12 43 30  8 18 11   20 32  5 45  1  2 39  3 29 48  9  0 15 27 21 26 25  7 13 17 16 24 49   35 34 37 28]
  [41 31 44 23 40 14 10 22 46 38 47  4 36  6 42 33 19 12 43 30  8 18 11   20 32  5 45  1  2 39  3 29 48  9  0 15 27 21 26 25  7 13 17 16 24 49   35 34 37 28]
  [41 31 44 23 40 14 10 22 46 38 47  4 36  6 42 33 19 12 43 30  8 18 11   20 32  5 45  1  2 39  3 29 48  9  0 15 27 21 26 25  7 13 17 16 24 49   35 34 37 28]
  [41 31 44 23 40 14 10 22 46 38 47  4 36  6 42 33 19 12 43 30  8 18 11   20 32  5 45  1  2 39  3 29 48  9  0 15 27 21 26 25  7 13 17 16 24 49   35 34 37 28]]","[[15  9 34 29 37  2  3 24 40  7  8 20 19 39 28 16 41 11 27 10 33 36 47    5 12 48 46  6 35 14 26 17 44 21 38  1 30 32 18 22 45 42 13  0  4 43   49 25 31 23]
  [15  9 34 29 37  2  3 24 40  7  8 20 19 39 28 16 41 11 27 10 33 36 47    5 12 48 46  6 35 14 26 17 44 21 38  1 30 32 18 22 45 42 13  0  4 43   49 25 31 23]
  [15  9 34 29 37  2  3 24 40  7  8 20 19 39 28 16 41 11 27 10 33 36 47    5 12 48 46  6 35 14 26 17 44 21 38  1 30 32 18 22 45 42 13  0  4 43   49 25 31 23]
  [15  9 34 29 37  2  3 24 40  7  8 20 19 39 28 16 41 11 27 10 33 36 47    5 12 48 46  6 35 14 26 17 44 21 38  1 30 32 18 22 45 42 13  0  4 43   49 25 31 23]
  [15  9 34 29 37  2  3 24 40  7  8 20 19 39 28 16 41 11 27 10 33 36 47    5 12 48 46  6 35 14 26 17 44 21 38  1 30 32 18 22 45 42 13  0  4 43   49 25 31 23]
  [15  9 34 29 37  2  3 24 40  7  8 20 19 39 28 16 41 11 27 10 33 36 47    5 12 48 46  6 35 14 26 17 44 21 38  1 30 32 18 22 45 42 13  0  4 43   49 25 31 23]
  [15  9 34 29 37  2  3 24 40  7  8 20 19 39 28 16 41 11 27 10 33 36 47    5 12 48 46  6 35 14 26 17 44 21 38  1 30 32 18 22 45 42 13  0  4 43   49 25 31 23]
  [15  9 34 29 37  2  3 24 40  7  8 20 19 39 28 16 41 11 27 10 33 36 47    5 12 48 46  6 35 14 26 17 44 21 38  1 30 32 18 22 45 42 13  0  4 43   49 25 31 23]
  [15  9 34 29 37  2  3 24 40  7  8 20 19 39 28 16 41 11 27 10 33 36 47    5 12 48 46  6 35 14 26 17 44 21 38  1 30 32 18 22 45 42 13  0  4 43   49 25 31 23]
  [15  9 34 29 37  2  3 24 40  7  8 20 19 39 28 16 41 11 27 10 33 36 47    5 12 48 46  6 35 14 26 17 44 21 38  1 30 32 18 22 45 42 13  0  4 43   49 25 31 23]
  [15  9 34 29 37  2  3 24 40  7  8 20 19 39 28 16 41 11 27 10 33 36 47    5 12 48 46  6 35 14 26 17 44 21 38  1 30 32 18 22 45 42 13  0  4 43   49 25 31 23]
  [15  9 34 29 37  2  3 24 40  7  8 20 19 39 28 16 41 11 27 10 33 36 47    5 12 48 46  6 35 14 26 17 44 21 38  1 30 32 18 22 45 42 13  0  4 43   49 25 31 23]
  [15  9 34 29 37  2  3 24 40  7  8 20 19 39 28 16 41 11 27 10 33 36 47    5 12 48 46  6 35 14 26 17 44 21 38  1 30 32 18 22 45 42 13  0  4 43   49 25 31 23]
  [15  9 34 29 37  2  3 24 40  7  8 20 19 39 28 16 41 11 27 10 33 36 47    5 12 48 46  6 35 14 26 17 44 21 38  1 30 32 18 22 45 42 13  0  4 43   49 25 31 23]
  [15  9 34 29 37  2  3 24 40  7  8 20 19 39 28 16 41 11 27 10 33 36 47    5 12 48 46  6 35 14 26 17 44 21 38  1 30 32 18 22 45 42 13  0  4 43   49 25 31 23]
  [15  9 34 29 37  2  3 24 40  7  8 20 19 39 28 16 41 11 27 10 33 36 47    5 12 48 46  6 35 14 26 17 44 21 38  1 30 32 18 22 45 42 13  0  4 43   49 25 31 23]
  [15  9 34 29 37  2  3 24 40  7  8 20 19 39 28 16 41 11 27 10 33 36 47    5 12 48 46  6 35 14 26 17 44 21 38  1 30 32 18 22 45 42 13  0  4 43   49 25 31 23]
  [15  9 34 29 37  2  3 24 40  7  8 20 19 39 28 16 41 11 27 10 33 36 47    5 12 48 46  6 35 14 26 17 44 21 38  1 30 32 18 22 45 42 13  0  4 43   49 25 31 23]
  [15  9 34 29 37  2  3 24 40  7  8 20 19 39 28 16 41 11 27 10 33 36 47    5 12 48 46  6 35 14 26 17 44 21 38  1 30 32 18 22 45 42 13  0  4 43   49 25 31 23]
  [15  9 34 29 37  2  3 24 40  7  8 20 19 39 28 16 41 11 27 10 33 36 47    5 12 48 46  6 35 14 26 17 44 21 38  1 30 32 18 22 45 42 13  0  4 43   49 25 31 23]]","[[19 49 48 29 35 17 44 14 30 42  8  1 28  4 40 23 26 27 12 43 21 32 46   31 20 11 39 37 45 41 22  2 24 33 34  7 38 16  3  0 10 18 25  9 36 47   13  5 15  6]
  [19 49 48 29 35 17 44 14 30 42  8  1 28  4 40 23 26 27 12 43 21 32 46   31 20 11 39 37 45 41 22  2 24 33 34  7 38 16  3  0 10 18 25  9 36 47   13  5 15  6]
  [19 49 48 29 35 17 44 14 30 42  8  1 28 23 40 26  4 27 12 43 21 32 46   31 20 11 39 37 45 41 22  2 24 33 34  7 38 16  3  0 10 18 25  9 36 47   13  5 15  6]
  [19 49 48 29 35 17 44 14 30 42  8  1 28 23 40 26  4 27 12 43 21 32 46   31 20 11 39 37 45 41 22  2 24 33 34  7 38 16  3  0 10 18 25  9 36 47   13  5 15  6]
  [19 49 48 29 35 17 44 14 30 42  8  1 28 23 26 40  4 27 12 43 21 32 46   31 20 11 39 37 45 41 22  2 24 33 34  7 38 16  3  0 10 18 25  9 36 47   13  5 15  6]
  [19 49 48 29 35 17 44 14 30 42  8  1 28 23 26 40  4 27 12 43 21 32 46   31 20 11 39 37 45 41 22  2 24 33 34  7 38 16  3  0 10 18 25  9 36 47   13  5 15  6]
  [19 49 48 29 35 17 44 14 30 42  8  1 28 26 23 40  4 27 12 43 21 32 46   31 20 11 39 37 45 41 22  2 24 33 34  7 38 16  3  0 10 18 25  9 36 47   13  5 15  6]
  [19 49 48 29 35 17 44 14 30 42  8  1 28 26 23 40  4 27 12 43 21 32 46   31 20 11 39 37 45 41 22  2 24 33 34  7 38 16  3  0 10 18 25  9 36 47   13  5 15  6]
  [19 49 48 29 35 17 44 14 30 42  8  1 28 26 23 40  4 27 12 43 21 32 46   31 20 11 39 37 45 41 22  2 24 33 34  7 38 16  3  0 10 18 25  9 36 47   13  5 15  6]
  [19 49 48 29 35 17 44 14 30 42  8  1 28 26 23 40  4 27 12 43 21 32 46   31 20 11 39 37 45 41 22  2 24 33 34  7 38 16  3  0 10 18 25  9 36 47   13  5 15  6]
  [19 49 48 29 35 17 44 14 30 42  8  1 28 26 23 40  4 27 12 43 21 32 46   31 20 11 39 37 45 41 22  2 24 33 34  7 38 16  3  0 10 18 25  9 36 47   13  5 15  6]
  [19 49 48 29 35 17 44 14 30 42  8  1 28 26 23 40  4 27 12 43 21 32 46   31 20 11 39 37 45 41 22  2 24 33 34  7 38 16  3  0 10 18 25  9 36 47   13  5 15  6]
  [19 49 48 29 35 17 44 14 30 42  8  1 28 26 23 40  4 27 12 43 21 32 46   31 20 11 39 37 45 41 22  2 24 33 34  7 38 16  3  0 10 18 25  9 36 47   13  5 15  6]
  [19 49 48 29 35 17 44 14 30 42  8  1 28 26 23 40  4 27 12 43 21 32 46   31 20 11 39 37 45 41 22  2 24 33 34  7 38 16  3  0 10 18 25  9 36 47   13  5 15  6]
  [19 49 48 29 35 17 44 14 30 42  8  1 28 26 23 40  4 27 12 43 21 32 46   31 20 11 39 37 45 41 22  2 24 33 34  7 38 16  3  0 10 18 25  9 36 47   13  5 15  6]
  [19 49 48 29 35 17 44 14 30 42  8  1 28 26 23 40  4 27 12 43 21 32 46   31 20 11 39 37 45 41 22  2 24 33 34  7 38 16  3  0 10 18 25  9 36 47   13  5 15  6]
  [19 49 48 29 35 17 44 14 30 42  8  1 28 26 23 40  4 27 12 43 21 32 46   31 20 11 39 37 45 41 22  2 24 33 34  7 38 16  3  0 10 18 25  9 36 47   13  5 15  6]
  [19 49 48 29 35 17 44 14 30 42  8  1 28 26 23 40  4 27 12 43 21 32 46   31 20 11 39 37 45 41 22  2 24 33 34  7 38 16  3  0 10 18 25  9 36 47   13  5 15  6]
  [19 49 48 29 35 17 44 14 30 42  8  1 28 26 23 40  4 27 12 43 21 32 46   31 20 11 39 37 45 41 22  2 24 33 34  7 38 16  3  0 10 18 25  9 36 47   13  5 15  6]
  [19 49 48 29 35 17 44 14 30 42  8  1 28 26 23 40  4 27 12 43 21 32 46   31 20 11 39 37 45 41 22  2 24 33 34  7 38 16  3  0 10 18 25  9 36 47   13  5 15  6]]","[[40 48 27 45 16 28 11 32 7 46 25 17 38 19 44 31 47 30 34  6 37  0 20  1 15 49  9 43 26  5 36 21 13  8 33 35  2 10 24 29 41 12 39 18 22 14 42  4 23  3]
  [40 48 27 45 16 28 11 32 7 46 25 17 38 19 44 31 47 30 34  6 37  0 20  1 15 49  9 43 26  5 36 21 13  8 33 35  2 10 24 29 41 12 39 18 22 14 42  4 23  3]
  [40 48 27 45 16 28 11 32 7 46 25 17 38 19 44 31 47 30 34  6 37  0 20  1 15 49  9 43 26  5 36 21  8 13 33  2 35 10 29 24 41 12 39 18 22 14 42  4 23  3]
  [40 48 27 45 16 28 11 32 7 46 25 17 38 19 44 31 47 30 34  6 37  0 20  1 15 49  9 43 26  5 36  8 21 13 33  2 35 10 29 24 41 12 39 18 22 14 42  4 23  3]
  [40 48 27 45 16 28 11 32 7 46 25 38 19 17 44 31 47 30 34  6 37  0 20  1 15 49 43  9 26  5 36  8 13 21 33  2 35 10 29 24 41 12 39 18 22 14 42  4 23  3]
  [40 48 27 45 16 28 11 32 7 46 25 38 19 17 44 31 47 30 34 37  6  0 20  1 15 49 43  9 26  5 36  8 13 21 33  2 35 10 29 24 41 12 39 18 22 14 42  4 23  3]
  [40 48 27 45 16 28 11 32 7 46 25 38 19 17 44 31 47 30 34 37  6  0 20  1 15 49 43  9 26  5 36  8 13 33 21  2 35 10 29 24 41 12 39 18 22 14 42  4 23  3]
  [40 48 27 45 16 28 11 32 7 46 25 38 19 17 44 31 47 30 34 37  6  0 20  1 15 49 43  9 26  5 36  8 13 33 21  2 35 10 29 24 41 12 39 18 22 14 42  4 23  3]
  [40 48 27 45 16 28 11 32 7 46 25 38 19 17 44 31 47 30 34 37  6  0 20  1 15 49 43  9 26  5 36  8 13 33  2 35 21 10 29 24 41 12 39 18 22 14 42  4 23  3]
  [40 48 27 45 16 28 11 32 7 46 25 38 19 17 44 31 47 30 34 37  6  0 20  1 15 49 43  9 26  5 36  8 13 33  2 35 21 10 29 24 41 12 39 18 22 14 42  4 23  3]
  [40 48 27 45 16 28 11 32 7 46 25 38 19 17 44 31 47 30 34 37  6  0 20  1 15 49 43  9 26  5 36  8 13  2 33 35 21 10 29 24 41 12 39 18 22 14 42  4 23  3]
  [40 48 27 45 16 28 11 32 7 46 25 38 19 44 31 47 30 17 34 37  6  0 20  1 15 49 43  9 26  5 36  8 13  2 33 35 21 10 29 24 41 12 39 18 22 14 42  4 23  3]
  [40 48 27 45 16 28 11 32 7 46 25 38 19 44 31 47 30 17 34 37  6  0 20  1 15 49 43  9 26  5 36  8 13  2 33 35 21 10 29 24 41 12 39 18 22 14 42  4 23  3]
  [40 48 27 45 16 28 32 11 7 46 25 38 19 44 31 47 30 17 34 37  6  0 20  1 15 49 43  9 26  5 36  8 13  2 33 35 21 10 29 24 41 12 39 18 22 14 42  4 23  3]
  [40 48 27 45 16 28 32 11 7 46 25 38 19 44 31 47 30 17 34 37  6  0 20  1 15 49 43  9 26  5 36  8 13  2 33 35 21 10 29 24 41 12 39 18 22 14 42  4 23  3]
  [40 48 27 45 16 28 32 11 7 46 25 38 19 44 31 47 30 34 37 17  6  0 20  1 15 49 43  9 26  5 36  8 13  2 33 35 21 10 29 24 41 12 39 18 22 14 42  4 23  3]
  [40 48 27 45 16 28 32 11 7 46 25 38 19 44 31 47 30 34 37  6  0 20 17  1 15 49 43  9 26  5 36  8 13  2 33 35 21 10 29 24 41 12 39 18 22 14 42  4 23  3]
  [40 48 27 45 16 28 32 11 7 46 25 38 19 44 31 47 30 34 37  6  0 20 17  1 15 49 43  9 26  5 36  8 13  2 33 35 21 10 29 24 41 12 39 18 22 14 42  4 23  3]
  [40 48 27 45 16 28 32 11 7 46 25 38 19 44 31 47 30 34 37  6  0 20 17  1 15 49 43  9 26  5 36  8 13  2 33 35 21 10 29 24 41 12 39 18 22 14 42  4 23  3]
  [40 48 27 45 16 28 32 11 7 46 25 38 19 44 31 47 30 34 37  6  0 20 17  1 15 49 43  9 26  5 36  8 13  2 33 35 21 10 29 24 41 12 39 18 22 14 42  4 23  3]]","[[17 20 15  4 14  0 35  6 44  7 12 49 30 33  2 16  1 43 46 36 37 22 32  38 41 34  9 19 45 40 29  8 13 21 23 27 31 26 28  3 48  5 11 25 42 39   24 18 47 10]
  [17 20 15  4 14  0 35  6 44  7 12 49 30 33  2 16  1 43 46 36 37 22 32  38 41 34  9 19 45 40 29  8 13 21 23 27 31 26 28  3 48  5 11 25 42 39   24 18 47 10]
  [17 20 15  4 14  0 35  6 44  7 12 49 30 33  2 16  1 43 46 36 37 22 32  38 41 34  9 45 19 40 29  8 13 21 23 27 31 26 28  3 48  5 11 25 42 39   24 18 47 10]
  [17 20 15  4 14  0 35  6 44  7 12 49 30 33  2 16  1 43 46 36 37 22 32  38 41 34  9 45 19 40 29  8 13 21 23 27 31 26 28  3 48  5 11 25 42 39   24 18 47 10]
  [17 20 15  4 14  0 35  6 44  7 12 49 30 33  2 16  1 43 46 36 37 22 32  38 41 34  9 45 19 40 29  8 13 21 23 27 31 26 28  3 48  5 11 25 42 39   24 18 47 10]
  [17 20 15  4 14  0 35  6 44  7 12 49 30 33  2 16  1 43 46 36 37 22 32  38 41 34  9 45 19 40 29  8 13 21 23 27 31 26 28  3 48  5 11 25 42 39   24 18 47 10]
  [17 20 15  4 14  0 35  6 44  7 12 49 30 33  2 16  1 43 46 36 37 22 32  38 41 34  9 45 19 40 29  8 13 21 23 27 31 26 28  3 48  5 11 25 42 39   24 18 47 10]
  [17 20 15  4 14  0 35  6 44  7 12 49 30 33  2 16  1 43 46 36 37 22 32  38 41 34  9 45 19 40 29  8 13 21 23 27 31 26 28  3 48  5 11 25 42 39   24 18 47 10]
  [17 20 15  4 14  0 35  6 44  7 12 49 30 33  2 16  1 43 46 36 37 22 32  38 41 34  9 45 19 40 29  8 13 21 23 27 31 26 28  3 48  5 11 25 42 39   24 18 47 10]
  [17 20 15  4 14  0 35  6 44  7 12 49 30 33  2 16  1 43 46 36 37 22 32  38 41 34  9 45 19 40 29  8 13 21 23 27 31 26 28  3 48  5 11 25 42 39   24 18 47 10]
  [17 20 15  4 14  0 35  6 44  7 12 49 30 33  2 16  1 43 46 36 37 22 32  38 41 34  9 45 19 40 29  8 13 21 23 27 31 26 28  3 48  5 11 25 42 39   24 18 47 10]
  [17 20 15  4 14  0 35  6 44  7 12 49 30 33  2 16  1 43 46 36 37 22 32  38 41 34  9 45 19 40 29  8 13 21 23 27 31 26 28  3 48  5 11 25 42 39   24 18 47 10]
  [17 20 15  4 14  0 35  6 44  7 12 49 30 33  2 16  1 43 46 36 37 22 32  38 41 34  9 45 19 40 29  8 13 21 23 27 31 26 28  3 48  5 11 25 42 39   24 18 47 10]
  [17 20 15  4 14  0 35  6 44  7 12 49 30 33  2 16  1 43 46 36 37 22 32  38 41 34  9 45 19 40 29  8 13 21 23 27 31 26 28  3 48  5 11 25 42 39   24 18 47 10]
  [17 20 15  4 14  0 35  6 44  7 12 49 30 33  2 16  1 43 46 36 37 22 32  38 41 34  9 45 19 40 29  8 13 21 23 27 31 26 28  3 48  5 11 25 42 39   24 18 47 10]
  [17 20 15  4 14  0 35  6 44  7 12 49 30 33  2 16  1 43 46 36 37 22 32  38 41 34  9 45 19 40 29  8 13 21 23 27 31 26 28  3 48  5 11 25 42 39   24 18 47 10]
  [17 20 15  4 14  0 35  6 44  7 12 49 30 33  2 16  1 43 46 36 37 22 32  38 41 34  9 45 19 40 29  8 13 21 23 27 31 26 28  3 48  5 11 25 42 39   24 18 47 10]
  [17 20 15  4 14  0 35  6 44  7 12 49 30 33  2 16  1 43 46 36 37 22 32  38 41 34  9 45 19 40 29  8 13 21 23 27 31 26 28  3 48  5 11 25 42 39   24 18 47 10]
  [17 20 15  4 14  0 35  6 44  7 12 49 30 33  2 16  1 43 46 36 37 22 32  38 41 34  9 45 19 40 29  8 13 21 23 27 31 26 28  3 48  5 11 25 42 39   24 18 47 10]
  [17 20 15  4 14  0 35  6 44  7 12 49 30 33  2 16  1 43 46 36 37 22 32  38 41 34  9 45 19 40 29  8 13 21 23 27 31 26 28  3 48  5 11 25 42 39   24 18 47 10]]"
,,,,,,,,,,,,,,,,,,,,,,,,,,,,,,,,,,,,,,,,
The i-th sublist in the job sequence represents the job sequence of machine i,,,,,,,,,,,,,,,,,,,,,,,,,,,,,,,,,,,,,,,,
